Sam Bradford,2018,1,ARI,WAS,34,20,58.8,153,4.5,0,0.0,1,0.0,27,2,8,57.6
Sam Bradford,2018,2,LA,ARI,27,17,63.0,90,3.3,0,0.0,1,0.0,15,1,7,53.0
Sam Bradford,2018,3,ARI,CHI,19,13,68.4,157,8.3,2,10.5,2,0.0,35t,3,18,89.0
Pharoh Cooper,2018,1,OAK,LA,0,0,0.0,0,0.0,0,0.0,0,0.0,0,0,0,0.0
Pharoh Cooper,2018,13,DET,LA,0,0,0.0,0,0.0,0,0.0,0,0.0,0,0,0,0.0
Pharoh Cooper,2018,14,CHI,LA,0,0,0.0,0,0.0,0,0.0,0,0.0,0,0,0,0.0
Pharoh Cooper,2018,15,LA,PHI,0,0,0.0,0,0.0,0,0.0,0,0.0,0,0,0,0.0
Pharoh Cooper,2018,16,ARI,LA,0,0,0.0,0,0.0,0,0.0,0,0.0,0,0,0,0.0
Pharoh Cooper,2018,17,SEA,ARI,0,0,0.0,0,0.0,0,0.0,0,0.0,0,0,0,0.0
Phil Dawson,2018,1,ARI,WAS,0,0,0.0,0,0.0,0,0.0,0,0.0,0,0,0,0.0
Phil Dawson,2018,2,LA,ARI,0,0,0.0,0,0.0,0,0.0,0,0.0,0,0,0,0.0
Phil Dawson,2018,3,ARI,CHI,0,0,0.0,0,0.0,0,0.0,0,0.0,0,0,0,0.0
Phil Dawson,2018,4,ARI,SEA,0,0,0.0,0,0.0,0,0.0,0,0.0,0,0,0,0.0
Phil Dawson,2018,5,SF,ARI,0,0,0.0,0,0.0,0,0.0,0,0.0,0,0,0,0.0
Phil Dawson,2018,6,MIN,ARI,0,0,0.0,0,0.0,0,0.0,0,0.0,0,0,0,0.0
Phil Dawson,2018,7,ARI,DEN,0,0,0.0,0,0.0,0,0.0,0,0.0,0,0,0,0.0
Phil Dawson,2018,8,ARI,SF,0,0,0.0,0,0.0,0,0.0,0,0.0,0,0,0,0.0
Phil Dawson,2018,10,KC,ARI,0,0,0.0,0,0.0,0,0.0,0,0.0,0,0,0,0.0
Phil Dawson,2018,12,LAC,ARI,0,0,0.0,0,0.0,0,0.0,0,0.0,0,0,0,0.0
Larry Fitzgerald,2018,1,ARI,WAS,0,0,0.0,0,0.0,0,0.0,0,0.0,0,0,0,0.0
Larry Fitzgerald,2018,2,LA,ARI,0,0,0.0,0,0.0,0,0.0,0,0.0,0,0,0,0.0
Larry Fitzgerald,2018,3,ARI,CHI,0,0,0.0,0,0.0,0,0.0,0,0.0,0,0,0,0.0
Larry Fitzgerald,2018,4,ARI,SEA,0,0,0.0,0,0.0,0,0.0,0,0.0,0,0,0,0.0
Larry Fitzgerald,2018,5,SF,ARI,0,0,0.0,0,0.0,0,0.0,0,0.0,0,0,0,0.0
Larry Fitzgerald,2018,6,MIN,ARI,0,0,0.0,0,0.0,0,0.0,0,0.0,0,0,0,0.0
Larry Fitzgerald,2018,7,ARI,DEN,0,0,0.0,0,0.0,0,0.0,0,0.0,0,0,0,0.0
Larry Fitzgerald,2018,8,ARI,SF,0,0,0.0,0,0.0,0,0.0,0,0.0,0,0,0,0.0
Larry Fitzgerald,2018,10,KC,ARI,0,0,0.0,0,0.0,0,0.0,0,0.0,0,0,0,0.0
Larry Fitzgerald,2018,11,ARI,OAK,0,0,0.0,0,0.0,0,0.0,0,0.0,0,0,0,0.0
Larry Fitzgerald,2018,12,LAC,ARI,0,0,0.0,0,0.0,0,0.0,0,0.0,0,0,0,0.0
Larry Fitzgerald,2018,13,GB,ARI,0,0,0.0,0,0.0,0,0.0,0,0.0,0,0,0,0.0
Larry Fitzgerald,2018,14,ARI,DET,0,0,0.0,0,0.0,0,0.0,0,0.0,0,0,0,0.0
Larry Fitzgerald,2018,15,ATL,ARI,0,0,0.0,0,0.0,0,0.0,0,0.0,0,0,0,0.0
Larry Fitzgerald,2018,16,ARI,LA,1,1,100.0,32,32.0,1,100.0,0,0.0,32t,0,0,158.3
Larry Fitzgerald,2018,17,SEA,ARI,0,0,0.0,0,0.0,0,0.0,0,0.0,0,0,0,0.0
Mike Glennon,2018,15,ATL,ARI,14,10,71.4,111,7.9,1,7.1,0,0.0,26,1,8,118.5
Mike Glennon,2018,16,ARI,LA,7,5,71.4,63,9.0,0,0.0,0,0.0,15,0,0,99.1
Andy Lee,2018,1,ARI,WAS,0,0,0.0,0,0.0,0,0.0,0,0.0,0,0,0,0.0
Andy Lee,2018,2,LA,ARI,0,0,0.0,0,0.0,0,0.0,0,0.0,0,0,0,0.0
Andy Lee,2018,3,ARI,CHI,0,0,0.0,0,0.0,0,0.0,0,0.0,0,0,0,0.0
Andy Lee,2018,4,ARI,SEA,0,0,0.0,0,0.0,0,0.0,0,0.0,0,0,0,0.0
Andy Lee,2018,5,SF,ARI,0,0,0.0,0,0.0,0,0.0,0,0.0,0,0,0,0.0
Andy Lee,2018,6,MIN,ARI,0,0,0.0,0,0.0,0,0.0,0,0.0,0,0,0,0.0
Andy Lee,2018,7,ARI,DEN,0,0,0.0,0,0.0,0,0.0,0,0.0,0,0,0,0.0
Andy Lee,2018,8,ARI,SF,0,0,0.0,0,0.0,0,0.0,0,0.0,0,0,0,0.0
Andy Lee,2018,10,KC,ARI,0,0,0.0,0,0.0,0,0.0,0,0.0,0,0,0,0.0
Andy Lee,2018,11,ARI,OAK,0,0,0.0,0,0.0,0,0.0,0,0.0,0,0,0,0.0
Andy Lee,2018,12,LAC,ARI,0,0,0.0,0,0.0,0,0.0,0,0.0,0,0,0,0.0
Andy Lee,2018,13,GB,ARI,0,0,0.0,0,0.0,0,0.0,0,0.0,0,0,0,0.0
Andy Lee,2018,14,ARI,DET,0,0,0.0,0,0.0,0,0.0,0,0.0,0,0,0,0.0
Andy Lee,2018,15,ATL,ARI,0,0,0.0,0,0.0,0,0.0,0,0.0,0,0,0,0.0
Andy Lee,2018,16,ARI,LA,0,0,0.0,0,0.0,0,0.0,0,0.0,0,0,0,0.0
Andy Lee,2018,17,SEA,ARI,0,0,0.0,0,0.0,0,0.0,0,0.0,0,0,0,0.0
Josh Rosen,2018,3,ARI,CHI,7,4,57.1,36,5.1,0,0.0,1,0.0,10,1,7,31.5
Josh Rosen,2018,4,ARI,SEA,27,15,55.6,180,6.7,1,3.7,0,0.0,31,1,9,88.5
Josh Rosen,2018,5,SF,ARI,25,10,40.0,170,6.8,1,4.0,0,0.0,75t,1,6,77.1
Josh Rosen,2018,6,MIN,ARI,31,21,67.7,240,7.7,0,0.0,1,0.0,40,4,32,77.4
Josh Rosen,2018,7,ARI,DEN,39,21,53.8,194,5.0,1,2.6,3,0.0,27,6,40,44.2
Josh Rosen,2018,8,ARI,SF,40,23,57.5,252,6.3,2,5.0,1,0.0,37,3,19,82.5
Josh Rosen,2018,10,KC,ARI,39,22,56.4,208,5.3,1,2.6,2,0.0,24,5,42,58.5
Josh Rosen,2018,11,ARI,OAK,20,9,45.0,136,6.8,3,15.0,2,0.0,59t,1,8,67.9
Josh Rosen,2018,12,LAC,ARI,19,12,63.2,105,5.5,1,5.3,1,0.0,25t,2,18,73.4
Josh Rosen,2018,13,GB,ARI,26,11,42.3,149,5.7,0,0.0,0,0.0,37,2,16,61.2
Josh Rosen,2018,14,ARI,DET,41,26,63.4,240,5.9,0,0.0,1,0.0,19,3,22,69.2
Josh Rosen,2018,15,ATL,ARI,22,13,59.1,132,6.0,0,0.0,2,0.0,40,6,42,38.4
Josh Rosen,2018,16,ARI,LA,23,12,52.2,87,3.8,0,0.0,0,0.0,18,4,23,61.3
Josh Rosen,2018,17,SEA,ARI,34,18,52.9,149,4.4,1,2.9,0,0.0,24,6,36,74.3
Matt Ryan,2018,1,PHI,ATL,43,21,48.8,251,5.8,0,0.0,1,0.0,36,4,26,57.4
Matt Ryan,2018,2,ATL,CAR,28,23,82.1,272,9.7,2,7.1,1,0.0,30,0,0,116.1
Matt Ryan,2018,3,ATL,NO,35,26,74.3,374,10.7,5,14.3,0,0.0,75t,3,15,148.1
Matt Ryan,2018,4,ATL,CIN,39,29,74.4,419,10.7,3,7.7,0,0.0,49,3,16,134.5
Matt Ryan,2018,5,PIT,ATL,38,26,68.4,285,7.5,1,2.6,0,0.0,43t,6,43,99.1
Matt Ryan,2018,6,ATL,TB,41,31,75.6,355,8.7,3,7.3,0,0.0,35t,1,8,125.6
Matt Ryan,2018,7,ATL,NYG,39,31,79.5,379,9.7,1,2.6,0,0.0,47t,3,23,115.7
Matt Ryan,2018,9,WAS,ATL,38,26,68.4,350,9.2,4,10.5,1,0.0,40t,2,13,121.6
Matt Ryan,2018,10,CLE,ATL,52,38,73.1,330,6.3,2,3.8,0,0.0,31,2,19,102.2
Matt Ryan,2018,11,ATL,DAL,34,24,70.6,291,8.6,1,2.9,1,0.0,34t,3,17,94.1
Matt Ryan,2018,12,NO,ATL,47,35,74.5,377,8.0,2,4.3,1,0.0,50,6,37,102.9
Matt Ryan,2018,13,ATL,BAL,26,16,61.5,131,5.0,1,3.8,0,0.0,17,3,34,87.2
Matt Ryan,2018,14,GB,ATL,42,28,66.7,262,6.2,3,7.1,1,0.0,28,2,25,97.5
Matt Ryan,2018,15,ATL,ARI,36,22,61.1,231,6.4,2,5.6,0,0.0,22,2,11,98.3
Matt Ryan,2018,16,CAR,ATL,26,15,57.7,239,9.2,3,11.5,0,0.0,75t,1,6,126.9
Matt Ryan,2018,17,TB,ATL,44,31,70.5,378,8.6,2,4.5,1,0.0,37,1,3,102.3
Mohamed Sanu,2018,1,PHI,ATL,0,0,0.0,0,0.0,0,0.0,0,0.0,0,0,0,0.0
Mohamed Sanu,2018,2,ATL,CAR,0,0,0.0,0,0.0,0,0.0,0,0.0,0,0,0,0.0
Mohamed Sanu,2018,3,ATL,NO,0,0,0.0,0,0.0,0,0.0,0,0.0,0,0,0,0.0
Mohamed Sanu,2018,4,ATL,CIN,0,0,0.0,0,0.0,0,0.0,0,0.0,0,0,0,0.0
Mohamed Sanu,2018,5,PIT,ATL,0,0,0.0,0,0.0,0,0.0,0,0.0,0,0,0,0.0
Mohamed Sanu,2018,6,ATL,TB,0,0,0.0,0,0.0,0,0.0,0,0.0,0,0,0,0.0
Mohamed Sanu,2018,7,ATL,NYG,0,0,0.0,0,0.0,0,0.0,0,0.0,0,0,0,0.0
Mohamed Sanu,2018,9,WAS,ATL,0,0,0.0,0,0.0,0,0.0,0,0.0,0,0,0,0.0
Mohamed Sanu,2018,10,CLE,ATL,0,0,0.0,0,0.0,0,0.0,0,0.0,0,0,0,0.0
Mohamed Sanu,2018,11,ATL,DAL,0,0,0.0,0,0.0,0,0.0,0,0.0,0,0,0,0.0
Mohamed Sanu,2018,12,NO,ATL,0,0,0.0,0,0.0,0,0.0,0,0.0,0,0,0,0.0
Mohamed Sanu,2018,13,ATL,BAL,1,0,0.0,0,0.0,0,0.0,0,0.0,0,0,0,39.6
Mohamed Sanu,2018,14,GB,ATL,0,0,0.0,0,0.0,0,0.0,0,0.0,0,0,0,0.0
Mohamed Sanu,2018,15,ATL,ARI,0,0,0.0,0,0.0,0,0.0,0,0.0,0,0,0,0.0
Mohamed Sanu,2018,16,CAR,ATL,0,0,0.0,0,0.0,0,0.0,0,0.0,0,0,0,0.0
Mohamed Sanu,2018,17,TB,ATL,1,1,100.0,5,5.0,1,100.0,0,0.0,5t,0,0,127.1
Matt Schaub,2018,2,ATL,CAR,0,0,0.0,0,0.0,0,0.0,0,0.0,0,0,0,0.0
Matt Schaub,2018,5,PIT,ATL,7,5,71.4,20,2.9,0,0.0,0,0.0,9,0,0,74.1
Joe Flacco,2018,1,BAL,BUF,34,25,73.5,236,6.9,3,8.8,0,0.0,29,1,0,121.7
Joe Flacco,2018,2,CIN,BAL,55,32,58.2,376,6.8,2,3.6,2,0.0,45,4,17,76.0
Joe Flacco,2018,3,BAL,DEN,40,25,62.5,277,6.9,1,2.5,0,0.0,44,2,12,91.4
Joe Flacco,2018,4,PIT,BAL,42,28,66.7,363,8.6,2,4.8,0,0.0,71,2,8,109.5
Joe Flacco,2018,5,CLE,BAL,56,29,51.8,298,5.3,0,0.0,1,0.0,28,2,4,60.0
Joe Flacco,2018,6,TEN,BAL,37,25,67.6,238,6.4,1,2.7,1,0.0,27,0,0,82.9
Joe Flacco,2018,7,BAL,NO,39,23,59.0,279,7.2,2,5.1,0,0.0,56,1,10,98.1
Joe Flacco,2018,8,CAR,BAL,39,22,56.4,192,4.9,1,2.6,2,0.0,19,2,14,56.8
Joe Flacco,2018,9,BAL,PIT,37,23,62.2,206,5.6,0,0.0,0,0.0,30,2,14,77.1
Sam Koch,2018,1,BAL,BUF,0,0,0.0,0,0.0,0,0.0,0,0.0,0,0,0,0.0
Sam Koch,2018,2,CIN,BAL,0,0,0.0,0,0.0,0,0.0,0,0.0,0,0,0,0.0
Sam Koch,2018,3,BAL,DEN,0,0,0.0,0,0.0,0,0.0,0,0.0,0,0,0,0.0
Sam Koch,2018,4,PIT,BAL,0,0,0.0,0,0.0,0,0.0,0,0.0,0,0,0,0.0
Sam Koch,2018,5,CLE,BAL,0,0,0.0,0,0.0,0,0.0,0,0.0,0,0,0,0.0
Sam Koch,2018,6,TEN,BAL,0,0,0.0,0,0.0,0,0.0,0,0.0,0,0,0,0.0
Sam Koch,2018,7,BAL,NO,0,0,0.0,0,0.0,0,0.0,0,0.0,0,0,0,0.0
Sam Koch,2018,8,CAR,BAL,0,0,0.0,0,0.0,0,0.0,0,0.0,0,0,0,0.0
Sam Koch,2018,9,BAL,PIT,0,0,0.0,0,0.0,0,0.0,0,0.0,0,0,0,0.0
Sam Koch,2018,11,BAL,CIN,0,0,0.0,0,0.0,0,0.0,0,0.0,0,0,0,0.0
Sam Koch,2018,12,BAL,OAK,0,0,0.0,0,0.0,0,0.0,0,0.0,0,0,0,0.0
Sam Koch,2018,13,ATL,BAL,1,1,100.0,21,21.0,0,0.0,0,0.0,21,0,0,118.8
Sam Koch,2018,14,KC,BAL,0,0,0.0,0,0.0,0,0.0,0,0.0,0,0,0,0.0
Sam Koch,2018,15,BAL,TB,0,0,0.0,0,0.0,0,0.0,0,0.0,0,0,0,0.0
Sam Koch,2018,16,LAC,BAL,0,0,0.0,0,0.0,0,0.0,0,0.0,0,0,0,0.0
Sam Koch,2018,17,BAL,CLE,0,0,0.0,0,0.0,0,0.0,0,0.0,0,0,0,0.0
Justin Tucker,2018,1,BAL,BUF,0,0,0.0,0,0.0,0,0.0,0,0.0,0,0,0,0.0
Justin Tucker,2018,2,CIN,BAL,0,0,0.0,0,0.0,0,0.0,0,0.0,0,0,0,0.0
Justin Tucker,2018,3,BAL,DEN,0,0,0.0,0,0.0,0,0.0,0,0.0,0,0,0,0.0
Justin Tucker,2018,4,PIT,BAL,0,0,0.0,0,0.0,0,0.0,0,0.0,0,0,0,0.0
Justin Tucker,2018,5,CLE,BAL,0,0,0.0,0,0.0,0,0.0,0,0.0,0,0,0,0.0
Justin Tucker,2018,6,TEN,BAL,0,0,0.0,0,0.0,0,0.0,0,0.0,0,0,0,0.0
Justin Tucker,2018,7,BAL,NO,0,0,0.0,0,0.0,0,0.0,0,0.0,0,0,0,0.0
Justin Tucker,2018,8,CAR,BAL,0,0,0.0,0,0.0,0,0.0,0,0.0,0,0,0,0.0
Justin Tucker,2018,9,BAL,PIT,0,0,0.0,0,0.0,0,0.0,0,0.0,0,0,0,0.0
Justin Tucker,2018,11,BAL,CIN,0,0,0.0,0,0.0,0,0.0,0,0.0,0,0,0,0.0
Justin Tucker,2018,12,BAL,OAK,0,0,0.0,0,0.0,0,0.0,0,0.0,0,0,0,0.0
Justin Tucker,2018,13,ATL,BAL,0,0,0.0,0,0.0,0,0.0,0,0.0,0,0,0,0.0
Justin Tucker,2018,14,KC,BAL,0,0,0.0,0,0.0,0,0.0,0,0.0,0,0,0,0.0
Justin Tucker,2018,15,BAL,TB,0,0,0.0,0,0.0,0,0.0,0,0.0,0,0,0,0.0
Justin Tucker,2018,16,LAC,BAL,0,0,0.0,0,0.0,0,0.0,0,0.0,0,0,0,0.0
Justin Tucker,2018,17,BAL,CLE,0,0,0.0,0,0.0,0,0.0,0,0.0,0,0,0,0.0
Eric Weddle,2018,2,CIN,BAL,0,0,0.0,0,0.0,0,0.0,0,0.0,0,0,0,0.0
Eric Weddle,2018,3,BAL,DEN,0,0,0.0,0,0.0,0,0.0,0,0.0,0,0,0,0.0
Eric Weddle,2018,4,PIT,BAL,0,0,0.0,0,0.0,0,0.0,0,0.0,0,0,0,0.0
Eric Weddle,2018,5,CLE,BAL,0,0,0.0,0,0.0,0,0.0,0,0.0,0,0,0,0.0
Eric Weddle,2018,6,TEN,BAL,0,0,0.0,0,0.0,0,0.0,0,0.0,0,0,0,0.0
Eric Weddle,2018,7,BAL,NO,0,0,0.0,0,0.0,0,0.0,0,0.0,0,0,0,0.0
Eric Weddle,2018,8,CAR,BAL,0,0,0.0,0,0.0,0,0.0,0,0.0,0,0,0,0.0
Eric Weddle,2018,9,BAL,PIT,0,0,0.0,0,0.0,0,0.0,0,0.0,0,0,0,0.0
Eric Weddle,2018,11,BAL,CIN,0,0,0.0,0,0.0,0,0.0,0,0.0,0,0,0,0.0
Eric Weddle,2018,12,BAL,OAK,0,0,0.0,0,0.0,0,0.0,0,0.0,0,0,0,0.0
Eric Weddle,2018,13,ATL,BAL,0,0,0.0,0,0.0,0,0.0,0,0.0,0,0,0,0.0
Eric Weddle,2018,14,KC,BAL,0,0,0.0,0,0.0,0,0.0,0,0.0,0,0,0,0.0
Eric Weddle,2018,15,BAL,TB,0,0,0.0,0,0.0,0,0.0,0,0.0,0,0,0,0.0
Eric Weddle,2018,16,LAC,BAL,0,0,0.0,0,0.0,0,0.0,0,0.0,0,0,0,0.0
Eric Weddle,2018,17,BAL,CLE,0,0,0.0,0,0.0,0,0.0,0,0.0,0,0,0,0.0
Derek Anderson,2018,7,IND,BUF,31,20,64.5,175,5.6,0,0.0,3,0.0,32,2,7,39.8
Derek Anderson,2018,8,BUF,NE,39,22,56.4,290,7.4,0,0.0,1,0.0,40,3,26,69.4
Matt Barkley,2018,10,NYJ,BUF,25,15,60.0,232,9.3,2,8.0,0,0.0,47,1,8,117.4
Corey Bojorquez,2018,1,BAL,BUF,0,0,0.0,0,0.0,0,0.0,0,0.0,0,0,0,0.0
Corey Bojorquez,2018,2,BUF,LAC,0,0,0.0,0,0.0,0,0.0,0,0.0,0,0,0,0.0
Corey Bojorquez,2018,3,MIN,BUF,0,0,0.0,0,0.0,0,0.0,0,0.0,0,0,0,0.0
Corey Bojorquez,2018,4,GB,BUF,0,0,0.0,0,0.0,0,0.0,0,0.0,0,0,0,0.0
Corey Bojorquez,2018,5,BUF,TEN,1,0,0.0,0,0.0,0,0.0,0,0.0,0,0,0,39.6
Corey Bojorquez,2018,6,HOU,BUF,0,0,0.0,0,0.0,0,0.0,0,0.0,0,0,0,0.0
Corey Bojorquez,2018,7,IND,BUF,0,0,0.0,0,0.0,0,0.0,0,0.0,0,0,0,0.0
Corey Bojorquez,2018,8,BUF,NE,0,0,0.0,0,0.0,0,0.0,0,0.0,0,0,0,0.0
Jeremy Kerley,2018,1,BAL,BUF,0,0,0.0,0,0.0,0,0.0,0,0.0,0,0,0,0.0
Nathan Peterman,2018,1,BAL,BUF,18,5,27.8,24,1.3,0,0.0,2,0.0,10,3,12,0.0
Nathan Peterman,2018,6,HOU,BUF,12,6,50.0,61,5.1,1,8.3,2,0.0,20,0,0,53.1
Nathan Peterman,2018,8,BUF,NE,2,2,100.0,23,11.5,0,0.0,0,0.0,14,0,0,114.6
Nathan Peterman,2018,9,BUF,CHI,49,31,63.3,188,3.8,0,0.0,3,0.0,26,4,22,45.3
Terrelle Pryor,2018,1,DET,NYJ,0,0,0.0,0,0.0,0,0.0,0,0.0,0,0,0,0.0
Terrelle Pryor,2018,2,NYJ,MIA,0,0,0.0,0,0.0,0,0.0,0,0.0,0,0,0,0.0
Terrelle Pryor,2018,3,CLE,NYJ,0,0,0.0,0,0.0,0,0.0,0,0.0,0,0,0,0.0
Terrelle Pryor,2018,4,JAX,NYJ,0,0,0.0,0,0.0,0,0.0,0,0.0,0,0,0,0.0
Terrelle Pryor,2018,5,NYJ,DEN,0,0,0.0,0,0.0,0,0.0,0,0.0,0,0,0,0.0
Terrelle Pryor,2018,6,NYJ,IND,0,0,0.0,0,0.0,0,0.0,0,0.0,0,0,0,0.0
Terrelle Pryor,2018,9,BUF,CHI,0,0,0.0,0,0.0,0,0.0,0,0.0,0,0,0,0.0
Terrelle Pryor,2018,10,NYJ,BUF,0,0,0.0,0,0.0,0,0.0,0,0.0,0,0,0,0.0
Logan Thomas,2018,1,BAL,BUF,0,0,0.0,0,0.0,0,0.0,0,0.0,0,0,0,0.0
Logan Thomas,2018,2,BUF,LAC,0,0,0.0,0,0.0,0,0.0,0,0.0,0,0,0,0.0
Logan Thomas,2018,6,HOU,BUF,0,0,0.0,0,0.0,0,0.0,0,0.0,0,0,0,0.0
Logan Thomas,2018,9,BUF,CHI,0,0,0.0,0,0.0,0,0.0,0,0.0,0,0,0,0.0
Logan Thomas,2018,10,NYJ,BUF,1,1,100.0,15,15.0,0,0.0,0,0.0,15,0,0,118.8
Logan Thomas,2018,12,BUF,JAX,0,0,0.0,0,0.0,0,0.0,0,0.0,0,0,0,0.0
Logan Thomas,2018,14,BUF,NYJ,0,0,0.0,0,0.0,0,0.0,0,0.0,0,0,0,0.0
Logan Thomas,2018,16,NE,BUF,0,0,0.0,0,0.0,0,0.0,0,0.0,0,0,0,0.0
Kyle Allen,2018,16,CAR,ATL,4,4,100.0,38,9.5,0,0.0,0,0.0,24,0,0,106.2
Kyle Allen,2018,17,NO,CAR,27,16,59.3,228,8.4,2,7.4,0,0.0,53t,0,0,111.3
Travaris Cadet,2018,17,NO,CAR,0,0,0.0,0,0.0,0,0.0,0,0.0,0,0,0,0.0
Taylor Heinicke,2018,8,CAR,BAL,1,1,100.0,13,13.0,0,0.0,0,0.0,13,0,0,118.8
Taylor Heinicke,2018,11,DET,CAR,1,0,0.0,0,0.0,0,0.0,0,0.0,0,0,0,39.6
Taylor Heinicke,2018,13,TB,CAR,1,0,0.0,0,0.0,0,0.0,0,0.0,0,0,0,39.6
Taylor Heinicke,2018,14,CLE,CAR,1,1,100.0,33,33.0,0,0.0,0,0.0,33,0,0,118.8
Taylor Heinicke,2018,16,CAR,ATL,53,33,62.3,274,5.2,1,1.9,3,0.0,27,2,17,58.2
Christian McCaffrey,2018,1,CAR,DAL,0,0,0.0,0,0.0,0,0.0,0,0.0,0,0,0,0.0
Christian McCaffrey,2018,2,ATL,CAR,0,0,0.0,0,0.0,0,0.0,0,0.0,0,0,0,0.0
Christian McCaffrey,2018,3,CAR,CIN,0,0,0.0,0,0.0,0,0.0,0,0.0,0,0,0,0.0
Christian McCaffrey,2018,5,CAR,NYG,0,0,0.0,0,0.0,0,0.0,0,0.0,0,0,0,0.0
Christian McCaffrey,2018,6,WAS,CAR,0,0,0.0,0,0.0,0,0.0,0,0.0,0,0,0,0.0
Christian McCaffrey,2018,7,PHI,CAR,0,0,0.0,0,0.0,0,0.0,0,0.0,0,0,0,0.0
Christian McCaffrey,2018,8,CAR,BAL,0,0,0.0,0,0.0,0,0.0,0,0.0,0,0,0,0.0
Christian McCaffrey,2018,9,CAR,TB,0,0,0.0,0,0.0,0,0.0,0,0.0,0,0,0,0.0
Christian McCaffrey,2018,10,PIT,CAR,0,0,0.0,0,0.0,0,0.0,0,0.0,0,0,0,0.0
Christian McCaffrey,2018,11,DET,CAR,0,0,0.0,0,0.0,0,0.0,0,0.0,0,0,0,0.0
Christian McCaffrey,2018,12,CAR,SEA,0,0,0.0,0,0.0,0,0.0,0,0.0,0,0,0,0.0
Christian McCaffrey,2018,13,TB,CAR,0,0,0.0,0,0.0,0,0.0,0,0.0,0,0,0,0.0
Christian McCaffrey,2018,14,CLE,CAR,0,0,0.0,0,0.0,0,0.0,0,0.0,0,0,0,0.0
Christian McCaffrey,2018,15,CAR,NO,1,1,100.0,50,50.0,1,100.0,0,0.0,50t,0,0,158.3
Christian McCaffrey,2018,16,CAR,ATL,0,0,0.0,0,0.0,0,0.0,0,0.0,0,0,0,0.0
Christian McCaffrey,2018,17,NO,CAR,0,0,0.0,0,0.0,0,0.0,0,0.0,0,0,0,0.0
Michael Palardy,2018,1,CAR,DAL,0,0,0.0,0,0.0,0,0.0,0,0.0,0,0,0,0.0
Michael Palardy,2018,2,ATL,CAR,0,0,0.0,0,0.0,0,0.0,0,0.0,0,0,0,0.0
Michael Palardy,2018,3,CAR,CIN,0,0,0.0,0,0.0,0,0.0,0,0.0,0,0,0,0.0
Michael Palardy,2018,5,CAR,NYG,0,0,0.0,0,0.0,0,0.0,0,0.0,0,0,0,0.0
Michael Palardy,2018,6,WAS,CAR,0,0,0.0,0,0.0,0,0.0,0,0.0,0,0,0,0.0
Michael Palardy,2018,7,PHI,CAR,0,0,0.0,0,0.0,0,0.0,0,0.0,0,0,0,0.0
Michael Palardy,2018,8,CAR,BAL,0,0,0.0,0,0.0,0,0.0,0,0.0,0,0,0,0.0
Michael Palardy,2018,9,CAR,TB,0,0,0.0,0,0.0,0,0.0,0,0.0,0,0,0,0.0
Michael Palardy,2018,10,PIT,CAR,0,0,0.0,0,0.0,0,0.0,0,0.0,0,0,0,0.0
Michael Palardy,2018,11,DET,CAR,0,0,0.0,0,0.0,0,0.0,0,0.0,0,0,0,0.0
Michael Palardy,2018,12,CAR,SEA,0,0,0.0,0,0.0,0,0.0,0,0.0,0,0,0,0.0
Michael Palardy,2018,13,TB,CAR,0,0,0.0,0,0.0,0,0.0,0,0.0,0,0,0,0.0
Michael Palardy,2018,14,CLE,CAR,0,0,0.0,0,0.0,0,0.0,0,0.0,0,0,0,0.0
Michael Palardy,2018,15,CAR,NO,0,0,0.0,0,0.0,0,0.0,0,0.0,0,0,0,0.0
Michael Palardy,2018,16,CAR,ATL,0,0,0.0,0,0.0,0,0.0,0,0.0,0,0,0,0.0
Michael Palardy,2018,17,NO,CAR,0,0,0.0,0,0.0,0,0.0,0,0.0,0,0,0,0.0
Dontari Poe,2018,2,ATL,CAR,0,0,0.0,0,0.0,0,0.0,0,0.0,0,0,0,0.0
Dontari Poe,2018,3,CAR,CIN,0,0,0.0,0,0.0,0,0.0,0,0.0,0,0,0,0.0
Dontari Poe,2018,5,CAR,NYG,0,0,0.0,0,0.0,0,0.0,0,0.0,0,0,0,0.0
Dontari Poe,2018,6,WAS,CAR,0,0,0.0,0,0.0,0,0.0,0,0.0,0,0,0,0.0
Dontari Poe,2018,8,CAR,BAL,0,0,0.0,0,0.0,0,0.0,0,0.0,0,0,0,0.0
Dontari Poe,2018,9,CAR,TB,0,0,0.0,0,0.0,0,0.0,0,0.0,0,0,0,0.0
Dontari Poe,2018,10,PIT,CAR,0,0,0.0,0,0.0,0,0.0,0,0.0,0,0,0,0.0
Dontari Poe,2018,12,CAR,SEA,0,0,0.0,0,0.0,0,0.0,0,0.0,0,0,0,0.0
Dontari Poe,2018,13,TB,CAR,0,0,0.0,0,0.0,0,0.0,0,0.0,0,0,0,0.0
Dontari Poe,2018,14,CLE,CAR,0,0,0.0,0,0.0,0,0.0,0,0.0,0,0,0,0.0
Dontari Poe,2018,16,CAR,ATL,0,0,0.0,0,0.0,0,0.0,0,0.0,0,0,0,0.0
Trey Burton,2018,1,GB,CHI,0,0,0.0,0,0.0,0,0.0,0,0.0,0,0,0,0.0
Trey Burton,2018,2,CHI,SEA,0,0,0.0,0,0.0,0,0.0,0,0.0,0,0,0,0.0
Trey Burton,2018,3,ARI,CHI,0,0,0.0,0,0.0,0,0.0,0,0.0,0,0,0,0.0
Trey Burton,2018,4,CHI,TB,0,0,0.0,0,0.0,0,0.0,0,0.0,0,0,0,0.0
Trey Burton,2018,6,MIA,CHI,0,0,0.0,0,0.0,0,0.0,0,0.0,0,0,0,0.0
Trey Burton,2018,7,CHI,NE,0,0,0.0,0,0.0,0,0.0,0,0.0,0,0,0,0.0
Trey Burton,2018,8,CHI,NYJ,0,0,0.0,0,0.0,0,0.0,0,0.0,0,0,0,0.0
Trey Burton,2018,9,BUF,CHI,0,0,0.0,0,0.0,0,0.0,0,0.0,0,0,0,0.0
Trey Burton,2018,10,CHI,DET,0,0,0.0,0,0.0,0,0.0,0,0.0,0,0,0,0.0
Trey Burton,2018,11,CHI,MIN,0,0,0.0,0,0.0,0,0.0,0,0.0,0,0,0,0.0
Trey Burton,2018,12,DET,CHI,0,0,0.0,0,0.0,0,0.0,0,0.0,0,0,0,0.0
Trey Burton,2018,13,NYG,CHI,0,0,0.0,0,0.0,0,0.0,0,0.0,0,0,0,0.0
Trey Burton,2018,14,CHI,LA,0,0,0.0,0,0.0,0,0.0,0,0.0,0,0,0,0.0
Trey Burton,2018,15,CHI,GB,0,0,0.0,0,0.0,0,0.0,0,0.0,0,0,0,0.0
Trey Burton,2018,16,SF,CHI,0,0,0.0,0,0.0,0,0.0,0,0.0,0,0,0,0.0
Trey Burton,2018,17,MIN,CHI,0,0,0.0,0,0.0,0,0.0,0,0.0,0,0,0,0.0
Tarik Cohen,2018,1,GB,CHI,0,0,0.0,0,0.0,0,0.0,0,0.0,0,0,0,0.0
Tarik Cohen,2018,2,CHI,SEA,0,0,0.0,0,0.0,0,0.0,0,0.0,0,0,0,0.0
Tarik Cohen,2018,3,ARI,CHI,0,0,0.0,0,0.0,0,0.0,0,0.0,0,0,0,0.0
Tarik Cohen,2018,4,CHI,TB,0,0,0.0,0,0.0,0,0.0,0,0.0,0,0,0,0.0
Tarik Cohen,2018,6,MIA,CHI,0,0,0.0,0,0.0,0,0.0,0,0.0,0,0,0,0.0
Tarik Cohen,2018,7,CHI,NE,0,0,0.0,0,0.0,0,0.0,0,0.0,0,0,0,0.0
Tarik Cohen,2018,8,CHI,NYJ,0,0,0.0,0,0.0,0,0.0,0,0.0,0,0,0,0.0
Tarik Cohen,2018,9,BUF,CHI,0,0,0.0,0,0.0,0,0.0,0,0.0,0,0,0,0.0
Tarik Cohen,2018,10,CHI,DET,0,0,0.0,0,0.0,0,0.0,0,0.0,0,0,0,0.0
Tarik Cohen,2018,11,CHI,MIN,0,0,0.0,0,0.0,0,0.0,0,0.0,0,0,0,0.0
Tarik Cohen,2018,12,DET,CHI,0,0,0.0,0,0.0,0,0.0,0,0.0,0,0,0,0.0
Tarik Cohen,2018,13,NYG,CHI,1,1,100.0,1,1.0,1,100.0,0,0.0,1t,0,0,118.8
Tarik Cohen,2018,14,CHI,LA,0,0,0.0,0,0.0,0,0.0,0,0.0,0,0,0,0.0
Tarik Cohen,2018,15,CHI,GB,0,0,0.0,0,0.0,0,0.0,0,0.0,0,0,0,0.0
Tarik Cohen,2018,16,SF,CHI,0,0,0.0,0,0.0,0,0.0,0,0.0,0,0,0,0.0
Tarik Cohen,2018,17,MIN,CHI,0,0,0.0,0,0.0,0,0.0,0,0.0,0,0,0,0.0
Chase Daniel,2018,4,CHI,TB,0,0,0.0,0,0.0,0,0.0,0,0.0,0,0,0,0.0
Chase Daniel,2018,9,BUF,CHI,0,0,0.0,0,0.0,0,0.0,0,0.0,0,0,0,0.0
Chase Daniel,2018,12,DET,CHI,37,27,73.0,230,6.2,2,5.4,0,0.0,29,4,12,106.8
Chase Daniel,2018,13,NYG,CHI,39,26,66.7,285,7.3,1,2.6,2,0.0,46,5,28,75.3
Mitchell Trubisky,2018,1,GB,CHI,35,23,65.7,171,4.9,0,0.0,0,0.0,33,4,16,77.2
Mitchell Trubisky,2018,2,CHI,SEA,34,25,73.5,200,5.9,2,5.9,2,0.0,18,2,15,83.0
Mitchell Trubisky,2018,3,ARI,CHI,35,24,68.6,220,6.3,0,0.0,1,0.0,39,3,26,73.5
Mitchell Trubisky,2018,4,CHI,TB,26,19,73.1,354,13.6,6,23.1,0,0.0,47,1,10,154.6
Mitchell Trubisky,2018,6,MIA,CHI,31,22,71.0,316,10.2,3,9.7,1,0.0,54,2,13,122.5
Mitchell Trubisky,2018,7,CHI,NE,50,26,52.0,333,6.7,2,4.0,2,0.0,54,2,14,69.8
Mitchell Trubisky,2018,8,CHI,NYJ,29,16,55.2,220,7.6,2,6.9,0,0.0,70t,2,4,102.7
Mitchell Trubisky,2018,9,BUF,CHI,20,12,60.0,135,6.8,1,5.0,1,0.0,26,1,9,76.0
Mitchell Trubisky,2018,10,CHI,DET,30,23,76.7,355,11.8,3,10.0,0,0.0,55,1,7,148.6
Mitchell Trubisky,2018,11,CHI,MIN,31,20,64.5,165,5.3,1,3.2,2,0.0,18t,1,5,61.9
Mitchell Trubisky,2018,14,CHI,LA,30,16,53.3,110,3.7,1,3.3,3,0.0,17,1,10,33.3
Mitchell Trubisky,2018,15,CHI,GB,28,20,71.4,235,8.4,2,7.1,0,0.0,30,1,3,120.4
Mitchell Trubisky,2018,16,SF,CHI,29,25,86.2,246,8.5,1,3.4,0,0.0,43,3,11,113.5
Mitchell Trubisky,2018,17,MIN,CHI,26,18,69.2,163,6.3,0,0.0,0,0.0,40,0,0,85.9
Tyler Boyd,2018,1,IND,CIN,0,0,0.0,0,0.0,0,0.0,0,0.0,0,0,0,0.0
Tyler Boyd,2018,2,CIN,BAL,0,0,0.0,0,0.0,0,0.0,0,0.0,0,0,0,0.0
Tyler Boyd,2018,3,CAR,CIN,0,0,0.0,0,0.0,0,0.0,0,0.0,0,0,0,0.0
Tyler Boyd,2018,4,ATL,CIN,0,0,0.0,0,0.0,0,0.0,0,0.0,0,0,0,0.0
Tyler Boyd,2018,5,CIN,MIA,0,0,0.0,0,0.0,0,0.0,0,0.0,0,0,0,0.0
Tyler Boyd,2018,6,CIN,PIT,0,0,0.0,0,0.0,0,0.0,0,0.0,0,0,0,0.0
Tyler Boyd,2018,7,KC,CIN,0,0,0.0,0,0.0,0,0.0,0,0.0,0,0,0,0.0
Tyler Boyd,2018,8,CIN,TB,0,0,0.0,0,0.0,0,0.0,0,0.0,0,0,0,0.0
Tyler Boyd,2018,10,CIN,NO,0,0,0.0,0,0.0,0,0.0,0,0.0,0,0,0,0.0
Tyler Boyd,2018,11,BAL,CIN,1,0,0.0,0,0.0,0,0.0,0,0.0,0,0,0,39.6
Tyler Boyd,2018,12,CIN,CLE,0,0,0.0,0,0.0,0,0.0,0,0.0,0,0,0,0.0
Tyler Boyd,2018,13,CIN,DEN,0,0,0.0,0,0.0,0,0.0,0,0.0,0,0,0,0.0
Tyler Boyd,2018,14,LAC,CIN,0,0,0.0,0,0.0,0,0.0,0,0.0,0,0,0,0.0
Tyler Boyd,2018,15,CIN,OAK,0,0,0.0,0,0.0,0,0.0,0,0.0,0,0,0,0.0
Jeff Driskel,2018,7,KC,CIN,4,4,100.0,39,9.8,0,0.0,0,0.0,18,0,0,107.3
Jeff Driskel,2018,10,CIN,NO,3,2,66.7,45,15.0,0,0.0,0,0.0,37,0,0,109.7
Jeff Driskel,2018,12,CIN,CLE,29,17,58.6,155,5.3,1,3.4,0,0.0,28t,1,12,84.7
Jeff Driskel,2018,13,CIN,DEN,37,25,67.6,236,6.4,1,2.7,1,0.0,30t,4,34,82.7
Jeff Driskel,2018,14,LAC,CIN,27,18,66.7,170,6.3,1,3.7,0,0.0,24,3,19,96.2
Jeff Driskel,2018,15,CIN,OAK,33,14,42.4,130,3.9,1,3.0,1,0.0,27,1,7,51.3
Jeff Driskel,2018,16,CLE,CIN,19,13,68.4,133,7.0,2,10.5,0,0.0,28,3,26,123.4
Jeff Driskel,2018,17,PIT,CIN,24,12,50.0,95,4.0,0,0.0,0,0.0,15,4,24,60.2
Britton Colquitt,2018,1,CLE,PIT,0,0,0.0,0,0.0,0,0.0,0,0.0,0,0,0,0.0
Britton Colquitt,2018,2,NO,CLE,0,0,0.0,0,0.0,0,0.0,0,0.0,0,0,0,0.0
Britton Colquitt,2018,3,CLE,NYJ,0,0,0.0,0,0.0,0,0.0,0,0.0,0,0,0,0.0
Britton Colquitt,2018,4,OAK,CLE,0,0,0.0,0,0.0,0,0.0,0,0.0,0,0,0,0.0
Britton Colquitt,2018,5,CLE,BAL,0,0,0.0,0,0.0,0,0.0,0,0.0,0,0,0,0.0
Britton Colquitt,2018,6,CLE,LAC,0,0,0.0,0,0.0,0,0.0,0,0.0,0,0,0,0.0
Britton Colquitt,2018,7,TB,CLE,0,0,0.0,0,0.0,0,0.0,0,0.0,0,0,0,0.0
Britton Colquitt,2018,8,PIT,CLE,0,0,0.0,0,0.0,0,0.0,0,0.0,0,0,0,0.0
Britton Colquitt,2018,9,CLE,KC,0,0,0.0,0,0.0,0,0.0,0,0.0,0,0,0,0.0
Britton Colquitt,2018,10,CLE,ATL,0,0,0.0,0,0.0,0,0.0,0,0.0,0,0,0,0.0
Britton Colquitt,2018,12,CIN,CLE,0,0,0.0,0,0.0,0,0.0,0,0.0,0,0,0,0.0
Britton Colquitt,2018,13,HOU,CLE,0,0,0.0,0,0.0,0,0.0,0,0.0,0,0,0,0.0
Britton Colquitt,2018,14,CLE,CAR,0,0,0.0,0,0.0,0,0.0,0,0.0,0,0,0,0.0
Britton Colquitt,2018,15,DEN,CLE,0,0,0.0,0,0.0,0,0.0,0,0.0,0,0,0,0.0
Britton Colquitt,2018,16,CLE,CIN,0,0,0.0,0,0.0,0,0.0,0,0.0,0,0,0,0.0
Britton Colquitt,2018,17,BAL,CLE,0,0,0.0,0,0.0,0,0.0,0,0.0,0,0,0,0.0
Dontrell Hilliard,2018,6,CLE,LAC,0,0,0.0,0,0.0,0,0.0,0,0.0,0,0,0,0.0
Dontrell Hilliard,2018,7,TB,CLE,0,0,0.0,0,0.0,0,0.0,0,0.0,0,0,0,0.0
Dontrell Hilliard,2018,8,PIT,CLE,0,0,0.0,0,0.0,0,0.0,0,0.0,0,0,0,0.0
Dontrell Hilliard,2018,9,CLE,KC,0,0,0.0,0,0.0,0,0.0,0,0.0,0,0,0,0.0
Dontrell Hilliard,2018,10,CLE,ATL,1,0,0.0,0,0.0,0,0.0,1,0.0,0,0,0,0.0
Dontrell Hilliard,2018,12,CIN,CLE,0,0,0.0,0,0.0,0,0.0,0,0.0,0,0,0,0.0
Dontrell Hilliard,2018,13,HOU,CLE,0,0,0.0,0,0.0,0,0.0,0,0.0,0,0,0,0.0
Dontrell Hilliard,2018,14,CLE,CAR,0,0,0.0,0,0.0,0,0.0,0,0.0,0,0,0,0.0
Dontrell Hilliard,2018,15,DEN,CLE,0,0,0.0,0,0.0,0,0.0,0,0.0,0,0,0,0.0
Dontrell Hilliard,2018,16,CLE,CIN,0,0,0.0,0,0.0,0,0.0,0,0.0,0,0,0,0.0
Baker Mayfield,2018,3,CLE,NYJ,23,17,73.9,201,8.7,0,0.0,0,0.0,29,1,8,100.1
Baker Mayfield,2018,4,OAK,CLE,41,21,51.2,295,7.2,2,4.9,2,0.0,59,2,16,70.7
Baker Mayfield,2018,5,CLE,BAL,43,25,58.1,342,8.0,1,2.3,1,0.0,39,5,38,81.7
Baker Mayfield,2018,6,CLE,LAC,46,22,47.8,238,5.2,1,2.2,2,0.0,32,5,24,52.6
Baker Mayfield,2018,7,TB,CLE,34,23,67.6,215,6.3,2,5.9,0,0.0,23,5,29,104.4
Baker Mayfield,2018,8,PIT,CLE,36,22,61.1,180,5.0,2,5.6,1,0.0,24t,2,17,80.8
Baker Mayfield,2018,9,CLE,KC,42,29,69.0,297,7.1,2,4.8,1,0.0,38,2,22,95.0
Baker Mayfield,2018,10,CLE,ATL,20,17,85.0,216,10.8,3,15.0,0,0.0,28t,0,0,151.2
Baker Mayfield,2018,12,CIN,CLE,26,19,73.1,258,9.9,4,15.4,0,0.0,24,0,0,143.9
Baker Mayfield,2018,13,HOU,CLE,43,29,67.4,397,9.2,1,2.3,3,0.0,71,0,0,75.4
Baker Mayfield,2018,14,CLE,CAR,22,18,81.8,238,10.8,1,4.5,0,0.0,66,1,6,126.9
Baker Mayfield,2018,15,DEN,CLE,31,18,58.1,188,6.1,2,6.5,1,0.0,31t,2,13,83.8
Baker Mayfield,2018,16,CLE,CIN,37,27,73.0,284,7.7,3,8.1,0,0.0,66,0,0,121.9
Baker Mayfield,2018,17,BAL,CLE,42,23,54.8,376,9.0,3,7.1,3,0.0,48t,0,0,79.1
Tavon Austin,2018,1,CAR,DAL,0,0,0.0,0,0.0,0,0.0,0,0.0,0,0,0,0.0
Tavon Austin,2018,2,DAL,NYG,0,0,0.0,0,0.0,0,0.0,0,0.0,0,0,0,0.0
Tavon Austin,2018,3,SEA,DAL,0,0,0.0,0,0.0,0,0.0,0,0.0,0,0,0,0.0
Tavon Austin,2018,4,DAL,DET,0,0,0.0,0,0.0,0,0.0,0,0.0,0,0,0,0.0
Tavon Austin,2018,5,HOU,DAL,0,0,0.0,0,0.0,0,0.0,0,0.0,0,0,0,0.0
Tavon Austin,2018,6,DAL,JAX,0,0,0.0,0,0.0,0,0.0,0,0.0,0,0,0,0.0
Tavon Austin,2018,17,NYG,DAL,0,0,0.0,0,0.0,0,0.0,0,0.0,0,0,0,0.0
Cole Beasley,2018,1,CAR,DAL,0,0,0.0,0,0.0,0,0.0,0,0.0,0,0,0,0.0
Cole Beasley,2018,2,DAL,NYG,0,0,0.0,0,0.0,0,0.0,0,0.0,0,0,0,0.0
Cole Beasley,2018,3,SEA,DAL,0,0,0.0,0,0.0,0,0.0,0,0.0,0,0,0,0.0
Cole Beasley,2018,4,DAL,DET,0,0,0.0,0,0.0,0,0.0,0,0.0,0,0,0,0.0
Cole Beasley,2018,5,HOU,DAL,0,0,0.0,0,0.0,0,0.0,0,0.0,0,0,0,0.0
Cole Beasley,2018,6,DAL,JAX,0,0,0.0,0,0.0,0,0.0,0,0.0,0,0,0,0.0
Cole Beasley,2018,7,WAS,DAL,0,0,0.0,0,0.0,0,0.0,0,0.0,0,0,0,0.0
Cole Beasley,2018,9,DAL,TEN,1,0,0.0,0,0.0,0,0.0,0,0.0,0,0,0,39.6
Cole Beasley,2018,10,PHI,DAL,0,0,0.0,0,0.0,0,0.0,0,0.0,0,0,0,0.0
Cole Beasley,2018,11,ATL,DAL,0,0,0.0,0,0.0,0,0.0,0,0.0,0,0,0,0.0
Cole Beasley,2018,12,DAL,WAS,0,0,0.0,0,0.0,0,0.0,0,0.0,0,0,0,0.0
Cole Beasley,2018,13,DAL,NO,0,0,0.0,0,0.0,0,0.0,0,0.0,0,0,0,0.0
Cole Beasley,2018,14,DAL,PHI,0,0,0.0,0,0.0,0,0.0,0,0.0,0,0,0,0.0
Cole Beasley,2018,15,IND,DAL,0,0,0.0,0,0.0,0,0.0,0,0.0,0,0,0,0.0
Cole Beasley,2018,16,DAL,TB,0,0,0.0,0,0.0,0,0.0,0,0.0,0,0,0,0.0
Cole Beasley,2018,17,NYG,DAL,0,0,0.0,0,0.0,0,0.0,0,0.0,0,0,0,0.0
Dak Prescott,2018,1,CAR,DAL,29,19,65.5,170,5.9,0,0.0,0,0.0,20,6,32,81.1
Dak Prescott,2018,2,DAL,NYG,25,16,64.0,160,6.4,1,4.0,0,0.0,64t,0,0,95.4
Dak Prescott,2018,3,SEA,DAL,34,19,55.9,168,4.9,1,2.9,2,0.0,20,5,31,54.5
Dak Prescott,2018,4,DAL,DET,27,17,63.0,255,9.4,2,7.4,0,0.0,38t,3,24,118.6
Dak Prescott,2018,5,HOU,DAL,29,18,62.1,208,7.2,1,3.4,2,0.0,44,2,14,66.5
Dak Prescott,2018,6,DAL,JAX,27,17,63.0,183,6.8,2,7.4,0,0.0,27,3,11,107.5
Dak Prescott,2018,7,WAS,DAL,35,22,62.9,273,7.8,1,2.9,0,0.0,49t,4,23,96.5
Dak Prescott,2018,9,DAL,TEN,31,21,67.7,243,7.8,2,6.5,1,0.0,37,5,18,99.3
Dak Prescott,2018,10,PHI,DAL,36,26,72.2,270,7.5,1,2.8,0,0.0,25,4,31,102.8
Dak Prescott,2018,11,ATL,DAL,32,22,68.8,208,6.5,0,0.0,0,0.0,34,2,17,86.5
Dak Prescott,2018,12,DAL,WAS,31,22,71.0,289,9.3,2,6.5,0,0.0,90t,4,31,121.6
Dak Prescott,2018,13,DAL,NO,28,24,85.7,249,8.9,1,3.6,0,0.0,40,7,40,115.6
Dak Prescott,2018,14,DAL,PHI,54,42,77.8,455,8.4,3,5.6,2,0.0,75t,3,21,104.9
Dak Prescott,2018,15,IND,DAL,39,24,61.5,206,5.3,0,0.0,1,0.0,18,3,26,64.7
Dak Prescott,2018,16,DAL,TB,25,20,80.0,161,6.4,1,4.0,0,0.0,31,1,9,106.8
Dak Prescott,2018,17,NYG,DAL,44,27,61.4,387,8.8,4,9.1,0,0.0,49,4,19,120.2
Case Keenum,2018,1,DEN,SEA,39,25,64.1,329,8.4,3,7.7,3,0.0,43t,1,5,84.2
Case Keenum,2018,2,DEN,OAK,35,19,54.3,222,6.3,0,0.0,1,0.0,26,1,5,61.8
Case Keenum,2018,3,BAL,DEN,34,22,64.7,192,5.6,0,0.0,1,0.0,22,3,19,67.3
Case Keenum,2018,4,DEN,KC,33,21,63.6,245,7.4,0,0.0,1,0.0,42,4,19,73.4
Case Keenum,2018,5,NYJ,DEN,51,35,68.6,377,7.4,2,3.9,1,0.0,42t,4,33,95.0
Case Keenum,2018,6,DEN,LA,41,25,61.0,322,7.9,2,4.9,1,0.0,45,2,25,91.7
Case Keenum,2018,7,ARI,DEN,21,14,66.7,161,7.7,1,4.8,1,0.0,64t,2,11,85.6
Case Keenum,2018,8,KC,DEN,34,23,67.6,262,7.7,2,5.9,1,0.0,49,5,40,97.9
Case Keenum,2018,9,DEN,HOU,42,26,61.9,290,6.9,1,2.4,0,0.0,44,2,17,90.4
Case Keenum,2018,11,LAC,DEN,32,19,59.4,205,6.4,0,0.0,0,0.0,39,0,0,78.3
Case Keenum,2018,12,DEN,PIT,28,15,53.6,197,7.0,2,7.1,0,0.0,38,2,13,99.9
Case Keenum,2018,13,CIN,DEN,21,12,57.1,151,7.2,1,4.8,0,0.0,30t,2,8,95.5
Case Keenum,2018,14,SF,DEN,42,24,57.1,186,4.4,1,2.4,0,0.0,21,2,15,76.1
Case Keenum,2018,15,DEN,CLE,48,31,64.6,257,5.4,0,0.0,2,0.0,24,2,19,60.9
Case Keenum,2018,16,OAK,DEN,37,23,62.2,202,5.5,2,5.4,2,0.0,26,1,2,72.1
Case Keenum,2018,17,DEN,LAC,48,31,64.6,292,6.1,1,2.1,1,0.0,44,1,4,79.5
Brandon Marshall,2018,1,DEN,SEA,0,0,0.0,0,0.0,0,0.0,0,0.0,0,0,0,0.0
Brandon Marshall,2018,2,CHI,SEA,0,0,0.0,0,0.0,0,0.0,0,0.0,0,0,0,0.0
Brandon Marshall,2018,3,SEA,DAL,0,0,0.0,0,0.0,0,0.0,0,0.0,0,0,0,0.0
Brandon Marshall,2018,4,ARI,SEA,0,0,0.0,0,0.0,0,0.0,0,0.0,0,0,0,0.0
Brandon Marshall,2018,5,SEA,LA,0,0,0.0,0,0.0,0,0.0,0,0.0,0,0,0,0.0
Brandon Marshall,2018,6,OAK,SEA,0,0,0.0,0,0.0,0,0.0,0,0.0,0,0,0,0.0
Emmanuel Sanders,2018,1,DEN,SEA,0,0,0.0,0,0.0,0,0.0,0,0.0,0,0,0,0.0
Emmanuel Sanders,2018,2,DEN,OAK,0,0,0.0,0,0.0,0,0.0,0,0.0,0,0,0,0.0
Emmanuel Sanders,2018,3,BAL,DEN,0,0,0.0,0,0.0,0,0.0,0,0.0,0,0,0,0.0
Emmanuel Sanders,2018,4,DEN,KC,0,0,0.0,0,0.0,0,0.0,0,0.0,0,0,0,0.0
Emmanuel Sanders,2018,5,NYJ,DEN,0,0,0.0,0,0.0,0,0.0,0,0.0,0,0,0,0.0
Emmanuel Sanders,2018,6,DEN,LA,0,0,0.0,0,0.0,0,0.0,0,0.0,0,0,0,0.0
Emmanuel Sanders,2018,7,ARI,DEN,1,1,100.0,28,28.0,1,100.0,0,0.0,28t,0,0,158.3
Emmanuel Sanders,2018,8,KC,DEN,0,0,0.0,0,0.0,0,0.0,0,0.0,0,0,0,0.0
Emmanuel Sanders,2018,9,DEN,HOU,0,0,0.0,0,0.0,0,0.0,0,0.0,0,0,0,0.0
Emmanuel Sanders,2018,11,LAC,DEN,0,0,0.0,0,0.0,0,0.0,0,0.0,0,0,0,0.0
Emmanuel Sanders,2018,12,DEN,PIT,0,0,0.0,0,0.0,0,0.0,0,0.0,0,0,0,0.0
Emmanuel Sanders,2018,13,CIN,DEN,0,0,0.0,0,0.0,0,0.0,0,0.0,0,0,0,0.0
Courtland Sutton,2018,1,DEN,SEA,0,0,0.0,0,0.0,0,0.0,0,0.0,0,0,0,0.0
Courtland Sutton,2018,2,DEN,OAK,0,0,0.0,0,0.0,0,0.0,0,0.0,0,0,0,0.0
Courtland Sutton,2018,3,BAL,DEN,0,0,0.0,0,0.0,0,0.0,0,0.0,0,0,0,0.0
Courtland Sutton,2018,4,DEN,KC,0,0,0.0,0,0.0,0,0.0,0,0.0,0,0,0,0.0
Courtland Sutton,2018,5,NYJ,DEN,0,0,0.0,0,0.0,0,0.0,0,0.0,0,0,0,0.0
Courtland Sutton,2018,6,DEN,LA,0,0,0.0,0,0.0,0,0.0,0,0.0,0,0,0,0.0
Courtland Sutton,2018,7,ARI,DEN,0,0,0.0,0,0.0,0,0.0,0,0.0,0,0,0,0.0
Courtland Sutton,2018,8,KC,DEN,0,0,0.0,0,0.0,0,0.0,0,0.0,0,0,0,0.0
Courtland Sutton,2018,9,DEN,HOU,0,0,0.0,0,0.0,0,0.0,0,0.0,0,0,0,0.0
Courtland Sutton,2018,11,LAC,DEN,0,0,0.0,0,0.0,0,0.0,0,0.0,0,0,0,0.0
Courtland Sutton,2018,12,DEN,PIT,0,0,0.0,0,0.0,0,0.0,0,0.0,0,0,0,0.0
Courtland Sutton,2018,13,CIN,DEN,0,0,0.0,0,0.0,0,0.0,0,0.0,0,0,0,0.0
Courtland Sutton,2018,14,SF,DEN,0,0,0.0,0,0.0,0,0.0,0,0.0,0,0,0,0.0
Courtland Sutton,2018,15,DEN,CLE,0,0,0.0,0,0.0,0,0.0,0,0.0,0,0,0,0.0
Courtland Sutton,2018,16,OAK,DEN,0,0,0.0,0,0.0,0,0.0,0,0.0,0,0,0,0.0
Courtland Sutton,2018,17,DEN,LAC,0,0,0.0,0,0.0,0,0.0,0,0.0,0,0,0,0.0
Matt Cassel,2018,1,DET,NYJ,6,2,33.3,14,2.3,0,0.0,1,0.0,9,0,0,2.8
Matt Cassel,2018,16,DET,MIN,11,5,45.5,45,4.1,0,0.0,0,0.0,11,1,13,57.0
Bruce Ellington,2018,1,NE,HOU,0,0,0.0,0,0.0,0,0.0,0,0.0,0,0,0,0.0
Bruce Ellington,2018,2,TEN,HOU,0,0,0.0,0,0.0,0,0.0,0,0.0,0,0,0,0.0
Bruce Ellington,2018,3,HOU,NYG,0,0,0.0,0,0.0,0,0.0,0,0.0,0,0,0,0.0
Bruce Ellington,2018,11,DET,CAR,0,0,0.0,0,0.0,0,0.0,0,0.0,0,0,0,0.0
Bruce Ellington,2018,12,DET,CHI,0,0,0.0,0,0.0,0,0.0,0,0.0,0,0,0,0.0
Bruce Ellington,2018,13,DET,LA,1,0,0.0,0,0.0,0,0.0,0,0.0,0,0,0,39.6
Bruce Ellington,2018,14,ARI,DET,0,0,0.0,0,0.0,0,0.0,0,0.0,0,0,0,0.0
Matt Prater,2018,1,DET,NYJ,0,0,0.0,0,0.0,0,0.0,0,0.0,0,0,0,0.0
Matt Prater,2018,2,SF,DET,0,0,0.0,0,0.0,0,0.0,0,0.0,0,0,0,0.0
Matt Prater,2018,3,DET,NE,0,0,0.0,0,0.0,0,0.0,0,0.0,0,0,0,0.0
Matt Prater,2018,4,DAL,DET,0,0,0.0,0,0.0,0,0.0,0,0.0,0,0,0,0.0
Matt Prater,2018,5,DET,GB,0,0,0.0,0,0.0,0,0.0,0,0.0,0,0,0,0.0
Matt Prater,2018,7,MIA,DET,0,0,0.0,0,0.0,0,0.0,0,0.0,0,0,0,0.0
Matt Prater,2018,8,DET,SEA,0,0,0.0,0,0.0,0,0.0,0,0.0,0,0,0,0.0
Matt Prater,2018,9,MIN,DET,0,0,0.0,0,0.0,0,0.0,0,0.0,0,0,0,0.0
Matt Prater,2018,10,CHI,DET,0,0,0.0,0,0.0,0,0.0,0,0.0,0,0,0,0.0
Matt Prater,2018,11,DET,CAR,0,0,0.0,0,0.0,0,0.0,0,0.0,0,0,0,0.0
Matt Prater,2018,12,DET,CHI,0,0,0.0,0,0.0,0,0.0,0,0.0,0,0,0,0.0
Matt Prater,2018,13,DET,LA,0,0,0.0,0,0.0,0,0.0,0,0.0,0,0,0,0.0
Matt Prater,2018,14,ARI,DET,0,0,0.0,0,0.0,0,0.0,0,0.0,0,0,0,0.0
Matt Prater,2018,15,BUF,DET,0,0,0.0,0,0.0,0,0.0,0,0.0,0,0,0,0.0
Matt Prater,2018,16,DET,MIN,0,0,0.0,0,0.0,0,0.0,0,0.0,0,0,0,0.0
Matt Prater,2018,17,GB,DET,1,1,100.0,8,8.0,1,100.0,0,0.0,8t,0,0,139.6
Matthew Stafford,2018,1,DET,NYJ,46,27,58.7,286,6.2,1,2.2,4,0.0,28,0,0,47.9
Matthew Stafford,2018,2,SF,DET,53,34,64.2,347,6.5,3,5.7,0,0.0,67,2,18,101.7
Matthew Stafford,2018,3,DET,NE,36,27,75.0,262,7.3,2,5.6,1,0.0,33t,1,7,101.9
Matthew Stafford,2018,4,DAL,DET,30,24,80.0,307,10.2,2,6.7,0,0.0,45t,3,21,131.5
Matthew Stafford,2018,5,DET,GB,26,14,53.8,183,7.0,2,7.7,0,0.0,60,3,13,101.9
Matthew Stafford,2018,7,MIA,DET,22,18,81.8,217,9.9,2,9.1,0,0.0,29,1,8,138.1
Matthew Stafford,2018,8,DET,SEA,40,27,67.5,310,7.8,2,5.0,1,0.0,39t,3,13,96.9
Matthew Stafford,2018,9,MIN,DET,36,25,69.4,199,5.5,0,0.0,0,0.0,18,10,56,83.0
Matthew Stafford,2018,10,CHI,DET,42,25,59.5,274,6.5,2,4.8,2,0.0,32,6,45,74.9
Matthew Stafford,2018,11,DET,CAR,37,23,62.2,220,5.9,1,2.7,0,0.0,36,1,5,87.7
Matthew Stafford,2018,12,DET,CHI,38,28,73.7,236,6.2,0,0.0,2,0.0,43,2,14,67.4
Matthew Stafford,2018,13,DET,LA,33,20,60.6,245,7.4,1,3.0,1,0.0,39,4,37,81.0
Matthew Stafford,2018,14,ARI,DET,23,15,65.2,101,4.4,0,0.0,0,0.0,17,1,5,74.7
Matthew Stafford,2018,15,BUF,DET,29,22,75.9,208,7.2,1,3.4,0,0.0,40,0,0,106.7
Matthew Stafford,2018,16,DET,MIN,32,18,56.2,116,3.6,0,0.0,0,0.0,21,2,11,64.1
Matthew Stafford,2018,17,GB,DET,32,20,62.5,266,8.3,2,6.2,0,0.0,41,1,2,109.6
Randall Cobb,2018,1,GB,CHI,0,0,0.0,0,0.0,0,0.0,0,0.0,0,0,0,0.0
Randall Cobb,2018,2,GB,MIN,0,0,0.0,0,0.0,0,0.0,0,0.0,0,0,0,0.0
Randall Cobb,2018,3,WAS,GB,0,0,0.0,0,0.0,0,0.0,0,0.0,0,0,0,0.0
Randall Cobb,2018,8,LA,GB,0,0,0.0,0,0.0,0,0.0,0,0.0,0,0,0,0.0
Randall Cobb,2018,9,NE,GB,0,0,0.0,0,0.0,0,0.0,0,0.0,0,0,0,0.0
Randall Cobb,2018,13,GB,ARI,0,0,0.0,0,0.0,0,0.0,0,0.0,0,0,0,0.0
Randall Cobb,2018,14,GB,ATL,0,0,0.0,0,0.0,0,0.0,0,0.0,0,0,0,0.0
Randall Cobb,2018,15,CHI,GB,0,0,0.0,0,0.0,0,0.0,0,0.0,0,0,0,0.0
Randall Cobb,2018,17,GB,DET,0,0,0.0,0,0.0,0,0.0,0,0.0,0,0,0,0.0
DeShone Kizer,2018,1,GB,CHI,7,4,57.1,55,7.9,0,0.0,1,0.0,29,2,21,42.9
DeShone Kizer,2018,14,GB,ATL,0,0,0.0,0,0.0,0,0.0,0,0.0,0,0,0,0.0
DeShone Kizer,2018,17,GB,DET,35,16,45.7,132,3.8,0,0.0,1,0.0,27,2,17,44.0
Aaron Rodgers,2018,1,GB,CHI,30,20,66.7,286,9.5,3,10.0,0,0.0,75t,2,19,130.7
Aaron Rodgers,2018,2,GB,MIN,42,30,71.4,281,6.7,1,2.4,0,0.0,34,4,28,97.4
Aaron Rodgers,2018,3,WAS,GB,44,27,61.4,265,6.0,2,4.5,0,0.0,64t,4,25,93.5
Aaron Rodgers,2018,4,GB,BUF,40,22,55.0,298,7.5,1,2.5,1,0.0,43,2,16,76.9
Aaron Rodgers,2018,5,DET,GB,52,32,61.5,442,8.5,3,5.8,0,0.0,54,4,19,108.0
Aaron Rodgers,2018,6,GB,SF,46,25,54.3,425,9.2,2,4.3,0,0.0,60,3,20,100.4
Aaron Rodgers,2018,8,LA,GB,30,18,60.0,286,9.5,1,3.3,0,0.0,48,3,33,102.9
Aaron Rodgers,2018,9,NE,GB,43,24,55.8,259,6.0,2,4.7,0,0.0,51,1,9,89.2
Aaron Rodgers,2018,10,GB,MIA,28,19,67.9,199,7.1,2,7.1,0,0.0,30,2,17,112.1
Aaron Rodgers,2018,11,SEA,GB,30,21,70.0,332,11.1,2,6.7,0,0.0,57,5,21,128.8
Aaron Rodgers,2018,12,MIN,GB,28,17,60.7,198,7.1,1,3.6,0,0.0,36,4,26,94.0
Aaron Rodgers,2018,13,GB,ARI,50,31,62.0,233,4.7,1,2.0,0,0.0,19,1,6,79.8
Aaron Rodgers,2018,14,GB,ATL,32,21,65.6,196,6.1,2,6.2,0,0.0,24t,4,34,103.1
Aaron Rodgers,2018,15,CHI,GB,42,25,59.5,274,6.5,0,0.0,1,0.0,28,5,39,68.9
Aaron Rodgers,2018,16,NYJ,GB,55,37,67.3,442,8.0,2,3.6,0,0.0,49t,4,29,103.7
Aaron Rodgers,2018,17,GB,DET,5,3,60.0,26,5.2,0,0.0,0,0.0,16,1,12,73.8
DeAndre Hopkins,2018,1,NE,HOU,0,0,0.0,0,0.0,0,0.0,0,0.0,0,0,0,0.0
DeAndre Hopkins,2018,2,TEN,HOU,0,0,0.0,0,0.0,0,0.0,0,0.0,0,0,0,0.0
DeAndre Hopkins,2018,3,HOU,NYG,0,0,0.0,0,0.0,0,0.0,0,0.0,0,0,0,0.0
DeAndre Hopkins,2018,4,IND,HOU,0,0,0.0,0,0.0,0,0.0,0,0.0,0,0,0,0.0
DeAndre Hopkins,2018,5,HOU,DAL,0,0,0.0,0,0.0,0,0.0,0,0.0,0,0,0,0.0
DeAndre Hopkins,2018,6,HOU,BUF,1,0,0.0,0,0.0,0,0.0,0,0.0,0,0,0,39.6
DeAndre Hopkins,2018,7,JAX,HOU,0,0,0.0,0,0.0,0,0.0,0,0.0,0,0,0,0.0
DeAndre Hopkins,2018,8,HOU,MIA,0,0,0.0,0,0.0,0,0.0,0,0.0,0,0,0,0.0
DeAndre Hopkins,2018,9,DEN,HOU,0,0,0.0,0,0.0,0,0.0,0,0.0,0,0,0,0.0
DeAndre Hopkins,2018,11,WAS,HOU,0,0,0.0,0,0.0,0,0.0,0,0.0,0,0,0,0.0
DeAndre Hopkins,2018,12,HOU,TEN,0,0,0.0,0,0.0,0,0.0,0,0.0,0,0,0,0.0
DeAndre Hopkins,2018,13,HOU,CLE,0,0,0.0,0,0.0,0,0.0,0,0.0,0,0,0,0.0
DeAndre Hopkins,2018,14,HOU,IND,0,0,0.0,0,0.0,0,0.0,0,0.0,0,0,0,0.0
DeAndre Hopkins,2018,15,NYJ,HOU,0,0,0.0,0,0.0,0,0.0,0,0.0,0,0,0,0.0
DeAndre Hopkins,2018,16,PHI,HOU,0,0,0.0,0,0.0,0,0.0,0,0.0,0,0,0,0.0
DeAndre Hopkins,2018,17,HOU,JAX,0,0,0.0,0,0.0,0,0.0,0,0.0,0,0,0,0.0
Joe Webb,2018,5,HOU,DAL,0,0,0.0,0,0.0,0,0.0,0,0.0,0,0,0,0.0
Joe Webb,2018,6,HOU,BUF,0,0,0.0,0,0.0,0,0.0,0,0.0,0,0,0,0.0
Joe Webb,2018,14,HOU,IND,0,0,0.0,0,0.0,0,0.0,0,0.0,0,0,0,0.0
Joe Webb,2018,15,NYJ,HOU,0,0,0.0,0,0.0,0,0.0,0,0.0,0,0,0,0.0
Brandon Weeden,2018,8,HOU,MIA,0,0,0.0,0,0.0,0,0.0,0,0.0,0,0,0,0.0
Jacoby Brissett,2018,3,PHI,IND,1,0,0.0,0,0.0,0,0.0,0,0.0,0,0,0,39.6
Jacoby Brissett,2018,7,IND,BUF,0,0,0.0,0,0.0,0,0.0,0,0.0,0,0,0,0.0
Jacoby Brissett,2018,11,IND,TEN,2,1,50.0,-2,-1.0,0,0.0,0,0.0,-2,0,0,56.2
Jacoby Brissett,2018,12,IND,MIA,1,1,100.0,4,4.0,0,0.0,0,0.0,4,0,0,83.3
Eric Ebron,2018,1,IND,CIN,0,0,0.0,0,0.0,0,0.0,0,0.0,0,0,0,0.0
Eric Ebron,2018,2,WAS,IND,0,0,0.0,0,0.0,0,0.0,0,0.0,0,0,0,0.0
Eric Ebron,2018,3,PHI,IND,0,0,0.0,0,0.0,0,0.0,0,0.0,0,0,0,0.0
Eric Ebron,2018,4,IND,HOU,0,0,0.0,0,0.0,0,0.0,0,0.0,0,0,0,0.0
Eric Ebron,2018,5,NE,IND,0,0,0.0,0,0.0,0,0.0,0,0.0,0,0,0,0.0
Eric Ebron,2018,6,NYJ,IND,0,0,0.0,0,0.0,0,0.0,0,0.0,0,0,0,0.0
Eric Ebron,2018,7,IND,BUF,0,0,0.0,0,0.0,0,0.0,0,0.0,0,0,0,0.0
Eric Ebron,2018,8,OAK,IND,0,0,0.0,0,0.0,0,0.0,0,0.0,0,0,0,0.0
Eric Ebron,2018,10,IND,JAX,0,0,0.0,0,0.0,0,0.0,0,0.0,0,0,0,0.0
Eric Ebron,2018,11,IND,TEN,1,0,0.0,0,0.0,0,0.0,0,0.0,0,0,0,39.6
Eric Ebron,2018,12,IND,MIA,0,0,0.0,0,0.0,0,0.0,0,0.0,0,0,0,0.0
Eric Ebron,2018,13,JAX,IND,0,0,0.0,0,0.0,0,0.0,0,0.0,0,0,0,0.0
Eric Ebron,2018,14,HOU,IND,0,0,0.0,0,0.0,0,0.0,0,0.0,0,0,0,0.0
Eric Ebron,2018,15,IND,DAL,0,0,0.0,0,0.0,0,0.0,0,0.0,0,0,0,0.0
Eric Ebron,2018,16,IND,NYG,0,0,0.0,0,0.0,0,0.0,0,0.0,0,0,0,0.0
Eric Ebron,2018,17,TEN,IND,0,0,0.0,0,0.0,0,0.0,0,0.0,0,0,0,0.0
Andrew Luck,2018,1,IND,CIN,53,39,73.6,319,6.0,2,3.8,1,0.0,26t,2,14,93.2
Andrew Luck,2018,2,WAS,IND,31,21,67.7,179,5.8,2,6.5,2,0.0,22,1,2,77.2
Andrew Luck,2018,3,PHI,IND,40,25,62.5,164,4.1,1,2.5,0,0.0,29,2,23,79.6
Andrew Luck,2018,4,IND,HOU,62,40,64.5,464,7.5,4,6.5,0,0.0,42,4,27,108.5
Andrew Luck,2018,5,NE,IND,59,38,64.4,365,6.2,3,5.1,2,0.0,28,1,10,84.4
Andrew Luck,2018,6,NYJ,IND,43,23,53.5,301,7.0,4,9.3,3,0.0,34t,0,0,77.8
Andrew Luck,2018,7,IND,BUF,23,17,73.9,156,6.8,4,17.4,0,0.0,29t,0,0,131.5
Andrew Luck,2018,8,OAK,IND,31,22,71.0,239,7.7,3,9.7,0,0.0,34,0,0,125.6
Andrew Luck,2018,10,IND,JAX,29,21,72.4,285,9.8,3,10.3,1,0.0,53t,0,0,123.5
Andrew Luck,2018,11,IND,TEN,29,23,79.3,297,10.2,3,10.3,0,0.0,68t,0,0,143.8
Andrew Luck,2018,12,IND,MIA,37,30,81.1,343,9.3,3,8.1,2,0.0,36,1,10,109.8
Andrew Luck,2018,13,JAX,IND,52,33,63.5,248,4.8,0,0.0,1,0.0,20,3,24,66.8
Andrew Luck,2018,14,HOU,IND,41,27,65.9,399,9.7,2,4.9,1,0.0,60,2,13,103.6
Andrew Luck,2018,15,IND,DAL,27,16,59.3,192,7.1,0,0.0,0,0.0,37,0,0,81.1
Andrew Luck,2018,16,IND,NYG,47,31,66.0,357,7.6,2,4.3,1,0.0,55,1,4,94.0
Andrew Luck,2018,17,TEN,IND,35,24,68.6,285,8.1,3,8.6,1,0.0,43,1,7,109.8
Zach Pascal,2018,1,IND,CIN,0,0,0.0,0,0.0,0,0.0,0,0.0,0,0,0,0.0
Zach Pascal,2018,2,WAS,IND,0,0,0.0,0,0.0,0,0.0,0,0.0,0,0,0,0.0
Zach Pascal,2018,3,PHI,IND,0,0,0.0,0,0.0,0,0.0,0,0.0,0,0,0,0.0
Zach Pascal,2018,4,IND,HOU,0,0,0.0,0,0.0,0,0.0,0,0.0,0,0,0,0.0
Zach Pascal,2018,5,NE,IND,0,0,0.0,0,0.0,0,0.0,0,0.0,0,0,0,0.0
Zach Pascal,2018,6,NYJ,IND,0,0,0.0,0,0.0,0,0.0,0,0.0,0,0,0,0.0
Zach Pascal,2018,7,IND,BUF,0,0,0.0,0,0.0,0,0.0,0,0.0,0,0,0,0.0
Zach Pascal,2018,8,OAK,IND,0,0,0.0,0,0.0,0,0.0,0,0.0,0,0,0,0.0
Zach Pascal,2018,11,IND,TEN,0,0,0.0,0,0.0,0,0.0,0,0.0,0,0,0,0.0
Zach Pascal,2018,13,JAX,IND,0,0,0.0,0,0.0,0,0.0,0,0.0,0,0,0,0.0
Zach Pascal,2018,14,HOU,IND,0,0,0.0,0,0.0,0,0.0,0,0.0,0,0,0,0.0
Zach Pascal,2018,15,IND,DAL,0,0,0.0,0,0.0,0,0.0,0,0.0,0,0,0,0.0
Zach Pascal,2018,16,IND,NYG,0,0,0.0,0,0.0,0,0.0,0,0.0,0,0,0,0.0
Zach Pascal,2018,17,TEN,IND,0,0,0.0,0,0.0,0,0.0,0,0.0,0,0,0,0.0
Adam Vinatieri,2018,1,IND,CIN,0,0,0.0,0,0.0,0,0.0,0,0.0,0,0,0,0.0
Adam Vinatieri,2018,2,WAS,IND,0,0,0.0,0,0.0,0,0.0,0,0.0,0,0,0,0.0
Adam Vinatieri,2018,3,PHI,IND,0,0,0.0,0,0.0,0,0.0,0,0.0,0,0,0,0.0
Adam Vinatieri,2018,4,IND,HOU,0,0,0.0,0,0.0,0,0.0,0,0.0,0,0,0,0.0
Adam Vinatieri,2018,5,NE,IND,0,0,0.0,0,0.0,0,0.0,0,0.0,0,0,0,0.0
Adam Vinatieri,2018,6,NYJ,IND,0,0,0.0,0,0.0,0,0.0,0,0.0,0,0,0,0.0
Adam Vinatieri,2018,7,IND,BUF,0,0,0.0,0,0.0,0,0.0,0,0.0,0,0,0,0.0
Adam Vinatieri,2018,8,OAK,IND,0,0,0.0,0,0.0,0,0.0,0,0.0,0,0,0,0.0
Adam Vinatieri,2018,10,IND,JAX,0,0,0.0,0,0.0,0,0.0,0,0.0,0,0,0,0.0
Adam Vinatieri,2018,11,IND,TEN,0,0,0.0,0,0.0,0,0.0,0,0.0,0,0,0,0.0
Adam Vinatieri,2018,12,IND,MIA,0,0,0.0,0,0.0,0,0.0,0,0.0,0,0,0,0.0
Adam Vinatieri,2018,14,HOU,IND,0,0,0.0,0,0.0,0,0.0,0,0.0,0,0,0,0.0
Adam Vinatieri,2018,15,IND,DAL,0,0,0.0,0,0.0,0,0.0,0,0.0,0,0,0,0.0
Adam Vinatieri,2018,16,IND,NYG,0,0,0.0,0,0.0,0,0.0,0,0.0,0,0,0,0.0
Adam Vinatieri,2018,17,TEN,IND,0,0,0.0,0,0.0,0,0.0,0,0.0,0,0,0,0.0
Blake Bortles,2018,1,NYG,JAX,33,18,54.5,176,5.3,1,3.0,1,0.0,31,1,8,67.2
Blake Bortles,2018,2,JAX,NE,45,29,64.4,376,8.4,4,8.9,1,0.0,61t,0,0,111.0
Blake Bortles,2018,3,JAX,TEN,34,21,61.8,155,4.6,0,0.0,0,0.0,19,3,10,72.5
Blake Bortles,2018,4,JAX,NYJ,38,29,76.3,388,10.2,2,5.3,1,0.0,67t,2,11,114.8
Blake Bortles,2018,5,KC,JAX,61,33,54.1,430,7.0,1,1.6,4,0.0,38,5,29,54.7
Blake Bortles,2018,6,DAL,JAX,26,15,57.7,149,5.7,1,3.8,1,0.0,34t,3,10,70.8
Blake Bortles,2018,7,JAX,HOU,12,6,50.0,61,5.1,0,0.0,0,0.0,24,0,0,64.9
Blake Bortles,2018,8,JAX,PHI,41,24,58.5,286,7.0,1,2.4,0,0.0,37,4,21,88.1
Blake Bortles,2018,10,IND,JAX,38,26,68.4,320,8.4,2,5.3,0,0.0,80t,0,0,111.7
Blake Bortles,2018,11,JAX,PIT,18,10,55.6,104,5.8,0,0.0,0,0.0,26,6,40,72.5
Blake Bortles,2018,12,BUF,JAX,23,12,52.2,127,5.5,1,4.3,2,0.0,29,3,20,46.8
Blake Bortles,2018,16,MIA,JAX,6,5,83.3,39,6.5,0,0.0,0,0.0,19,1,6,93.8
Blake Bortles,2018,17,HOU,JAX,28,15,53.6,107,3.8,0,0.0,1,0.0,22,3,18,47.8
Logan Cooke,2018,1,NYG,JAX,0,0,0.0,0,0.0,0,0.0,0,0.0,0,0,0,0.0
Logan Cooke,2018,2,JAX,NE,0,0,0.0,0,0.0,0,0.0,0,0.0,0,0,0,0.0
Logan Cooke,2018,3,JAX,TEN,0,0,0.0,0,0.0,0,0.0,0,0.0,0,0,0,0.0
Logan Cooke,2018,4,JAX,NYJ,0,0,0.0,0,0.0,0,0.0,0,0.0,0,0,0,0.0
Logan Cooke,2018,5,KC,JAX,0,0,0.0,0,0.0,0,0.0,0,0.0,0,0,0,0.0
Logan Cooke,2018,6,DAL,JAX,0,0,0.0,0,0.0,0,0.0,0,0.0,0,0,0,0.0
Logan Cooke,2018,7,JAX,HOU,0,0,0.0,0,0.0,0,0.0,0,0.0,0,0,0,0.0
Logan Cooke,2018,8,JAX,PHI,0,0,0.0,0,0.0,0,0.0,0,0.0,0,0,0,0.0
Logan Cooke,2018,10,IND,JAX,1,1,100.0,4,4.0,0,0.0,0,0.0,4,0,0,83.3
Logan Cooke,2018,11,JAX,PIT,0,0,0.0,0,0.0,0,0.0,0,0.0,0,0,0,0.0
Logan Cooke,2018,12,BUF,JAX,0,0,0.0,0,0.0,0,0.0,0,0.0,0,0,0,0.0
Logan Cooke,2018,13,JAX,IND,0,0,0.0,0,0.0,0,0.0,0,0.0,0,0,0,0.0
Logan Cooke,2018,14,TEN,JAX,0,0,0.0,0,0.0,0,0.0,0,0.0,0,0,0,0.0
Logan Cooke,2018,15,JAX,WAS,0,0,0.0,0,0.0,0,0.0,0,0.0,0,0,0,0.0
Logan Cooke,2018,16,MIA,JAX,0,0,0.0,0,0.0,0,0.0,0,0.0,0,0,0,0.0
Logan Cooke,2018,17,HOU,JAX,0,0,0.0,0,0.0,0,0.0,0,0.0,0,0,0,0.0
Cody Kessler,2018,7,JAX,HOU,30,21,70.0,156,5.2,1,3.3,1,0.0,15,4,28,79.3
Cody Kessler,2018,13,JAX,IND,24,18,75.0,150,6.2,0,0.0,0,0.0,23,3,18,90.6
Cody Kessler,2018,14,TEN,JAX,43,25,58.1,240,5.6,1,2.3,0,0.0,35,4,45,81.5
Cody Kessler,2018,15,JAX,WAS,17,9,52.9,57,3.4,0,0.0,1,0.0,13,6,37,35.7
Cody Kessler,2018,16,MIA,JAX,17,12,70.6,106,6.2,0,0.0,0,0.0,22,5,21,86.9
Dede Westbrook,2018,1,NYG,JAX,0,0,0.0,0,0.0,0,0.0,0,0.0,0,0,0,0.0
Dede Westbrook,2018,2,JAX,NE,0,0,0.0,0,0.0,0,0.0,0,0.0,0,0,0,0.0
Dede Westbrook,2018,3,JAX,TEN,0,0,0.0,0,0.0,0,0.0,0,0.0,0,0,0,0.0
Dede Westbrook,2018,4,JAX,NYJ,0,0,0.0,0,0.0,0,0.0,0,0.0,0,0,0,0.0
Dede Westbrook,2018,5,KC,JAX,0,0,0.0,0,0.0,0,0.0,0,0.0,0,0,0,0.0
Dede Westbrook,2018,6,DAL,JAX,0,0,0.0,0,0.0,0,0.0,0,0.0,0,0,0,0.0
Dede Westbrook,2018,7,JAX,HOU,0,0,0.0,0,0.0,0,0.0,0,0.0,0,0,0,0.0
Dede Westbrook,2018,8,JAX,PHI,0,0,0.0,0,0.0,0,0.0,0,0.0,0,0,0,0.0
Dede Westbrook,2018,10,IND,JAX,0,0,0.0,0,0.0,0,0.0,0,0.0,0,0,0,0.0
Dede Westbrook,2018,11,JAX,PIT,0,0,0.0,0,0.0,0,0.0,0,0.0,0,0,0,0.0
Dede Westbrook,2018,12,BUF,JAX,0,0,0.0,0,0.0,0,0.0,0,0.0,0,0,0,0.0
Dede Westbrook,2018,13,JAX,IND,0,0,0.0,0,0.0,0,0.0,0,0.0,0,0,0,0.0
Dede Westbrook,2018,14,TEN,JAX,0,0,0.0,0,0.0,0,0.0,0,0.0,0,0,0,0.0
Dede Westbrook,2018,15,JAX,WAS,0,0,0.0,0,0.0,0,0.0,0,0.0,0,0,0,0.0
Dede Westbrook,2018,16,MIA,JAX,1,0,0.0,0,0.0,0,0.0,0,0.0,0,0,0,39.6
Dede Westbrook,2018,17,HOU,JAX,0,0,0.0,0,0.0,0,0.0,0,0.0,0,0,0,0.0
Dustin Colquitt,2018,1,LAC,KC,0,0,0.0,0,0.0,0,0.0,0,0.0,0,0,0,0.0
Dustin Colquitt,2018,2,PIT,KC,0,0,0.0,0,0.0,0,0.0,0,0.0,0,0,0,0.0
Dustin Colquitt,2018,3,KC,SF,0,0,0.0,0,0.0,0,0.0,0,0.0,0,0,0,0.0
Dustin Colquitt,2018,4,DEN,KC,0,0,0.0,0,0.0,0,0.0,0,0.0,0,0,0,0.0
Dustin Colquitt,2018,5,KC,JAX,0,0,0.0,0,0.0,0,0.0,0,0.0,0,0,0,0.0
Dustin Colquitt,2018,6,NE,KC,0,0,0.0,0,0.0,0,0.0,0,0.0,0,0,0,0.0
Dustin Colquitt,2018,8,KC,DEN,0,0,0.0,0,0.0,0,0.0,0,0.0,0,0,0,0.0
Dustin Colquitt,2018,9,CLE,KC,0,0,0.0,0,0.0,0,0.0,0,0.0,0,0,0,0.0
Dustin Colquitt,2018,10,KC,ARI,0,0,0.0,0,0.0,0,0.0,0,0.0,0,0,0,0.0
Dustin Colquitt,2018,13,OAK,KC,0,0,0.0,0,0.0,0,0.0,0,0.0,0,0,0,0.0
Dustin Colquitt,2018,14,KC,BAL,0,0,0.0,0,0.0,0,0.0,0,0.0,0,0,0,0.0
Dustin Colquitt,2018,15,KC,LAC,0,0,0.0,0,0.0,0,0.0,0,0.0,0,0,0,0.0
Dustin Colquitt,2018,16,SEA,KC,0,0,0.0,0,0.0,0,0.0,0,0.0,0,0,0,0.0
Dustin Colquitt,2018,17,KC,OAK,0,0,0.0,0,0.0,0,0.0,0,0.0,0,0,0,0.0
Chad Henne,2018,17,KC,OAK,3,2,66.7,29,9.7,0,0.0,0,0.0,22,0,0,97.9
Travis Kelce,2018,1,LAC,KC,0,0,0.0,0,0.0,0,0.0,0,0.0,0,0,0,0.0
Travis Kelce,2018,2,PIT,KC,0,0,0.0,0,0.0,0,0.0,0,0.0,0,0,0,0.0
Travis Kelce,2018,3,KC,SF,0,0,0.0,0,0.0,0,0.0,0,0.0,0,0,0,0.0
Travis Kelce,2018,4,DEN,KC,0,0,0.0,0,0.0,0,0.0,0,0.0,0,0,0,0.0
Travis Kelce,2018,5,KC,JAX,0,0,0.0,0,0.0,0,0.0,0,0.0,0,0,0,0.0
Travis Kelce,2018,6,NE,KC,0,0,0.0,0,0.0,0,0.0,0,0.0,0,0,0,0.0
Travis Kelce,2018,7,KC,CIN,0,0,0.0,0,0.0,0,0.0,0,0.0,0,0,0,0.0
Travis Kelce,2018,8,KC,DEN,0,0,0.0,0,0.0,0,0.0,0,0.0,0,0,0,0.0
Travis Kelce,2018,9,CLE,KC,0,0,0.0,0,0.0,0,0.0,0,0.0,0,0,0,0.0
Travis Kelce,2018,10,KC,ARI,0,0,0.0,0,0.0,0,0.0,0,0.0,0,0,0,0.0
Travis Kelce,2018,13,OAK,KC,0,0,0.0,0,0.0,0,0.0,0,0.0,0,0,0,0.0
Travis Kelce,2018,14,KC,BAL,0,0,0.0,0,0.0,0,0.0,0,0.0,0,0,0,0.0
Travis Kelce,2018,15,KC,LAC,0,0,0.0,0,0.0,0,0.0,0,0.0,0,0,0,0.0
Travis Kelce,2018,16,SEA,KC,0,0,0.0,0,0.0,0,0.0,0,0.0,0,0,0,0.0
Travis Kelce,2018,17,KC,OAK,0,0,0.0,0,0.0,0,0.0,0,0.0,0,0,0,0.0
Patrick Mahomes,2018,1,LAC,KC,27,15,55.6,256,9.5,4,14.8,0,0.0,58t,1,0,127.5
Patrick Mahomes,2018,2,PIT,KC,28,23,82.1,326,11.6,6,21.4,0,0.0,40,1,4,154.8
Patrick Mahomes,2018,3,KC,SF,38,24,63.2,314,8.3,3,7.9,0,0.0,42,2,7,115.5
Patrick Mahomes,2018,4,DEN,KC,45,28,62.2,304,6.8,1,2.2,0,0.0,35,1,0,89.5
Patrick Mahomes,2018,5,KC,JAX,38,22,57.9,313,8.2,0,0.0,2,0.0,40,1,15,62.7
Patrick Mahomes,2018,6,NE,KC,36,23,63.9,352,9.8,4,11.1,2,0.0,75t,0,0,110.0
Patrick Mahomes,2018,7,KC,CIN,39,28,71.8,358,9.2,4,10.3,1,0.0,50,2,5,123.7
Patrick Mahomes,2018,8,KC,DEN,34,24,70.6,303,8.9,4,11.8,1,0.0,40,2,12,125.0
Patrick Mahomes,2018,9,CLE,KC,32,23,71.9,375,11.7,3,9.4,1,0.0,50t,2,15,129.0
Patrick Mahomes,2018,10,KC,ARI,28,21,75.0,249,8.9,2,7.1,0,0.0,38,5,37,125.4
Patrick Mahomes,2018,13,OAK,KC,38,23,60.5,295,7.8,4,10.5,0,0.0,38,0,0,120.0
Patrick Mahomes,2018,14,KC,BAL,53,35,66.0,377,7.1,2,3.8,1,0.0,48,3,29,91.5
Patrick Mahomes,2018,15,KC,LAC,34,24,70.6,243,7.1,2,5.9,0,0.0,33,2,9,110.3
Patrick Mahomes,2018,16,SEA,KC,40,23,57.5,273,6.8,3,7.5,0,0.0,32,1,8,103.4
Patrick Mahomes,2018,17,KC,OAK,24,14,58.3,281,11.7,2,8.3,1,0.0,89t,0,0,109.9
Danny Amendola,2018,1,MIA,TEN,0,0,0.0,0,0.0,0,0.0,0,0.0,0,0,0,0.0
Danny Amendola,2018,2,NYJ,MIA,0,0,0.0,0,0.0,0,0.0,0,0.0,0,0,0,0.0
Danny Amendola,2018,3,MIA,OAK,0,0,0.0,0,0.0,0,0.0,0,0.0,0,0,0,0.0
Danny Amendola,2018,4,NE,MIA,0,0,0.0,0,0.0,0,0.0,0,0.0,0,0,0,0.0
Danny Amendola,2018,5,CIN,MIA,0,0,0.0,0,0.0,0,0.0,0,0.0,0,0,0,0.0
Danny Amendola,2018,6,MIA,CHI,0,0,0.0,0,0.0,0,0.0,0,0.0,0,0,0,0.0
Danny Amendola,2018,7,MIA,DET,0,0,0.0,0,0.0,0,0.0,0,0.0,0,0,0,0.0
Danny Amendola,2018,8,HOU,MIA,1,1,100.0,28,28.0,1,100.0,0,0.0,28t,0,0,158.3
Danny Amendola,2018,9,MIA,NYJ,0,0,0.0,0,0.0,0,0.0,0,0.0,0,0,0,0.0
Danny Amendola,2018,10,GB,MIA,0,0,0.0,0,0.0,0,0.0,0,0.0,0,0,0,0.0
Danny Amendola,2018,12,IND,MIA,0,0,0.0,0,0.0,0,0.0,0,0.0,0,0,0,0.0
Danny Amendola,2018,14,MIA,NE,0,0,0.0,0,0.0,0,0.0,0,0.0,0,0,0,0.0
Danny Amendola,2018,15,MIN,MIA,0,0,0.0,0,0.0,0,0.0,0,0.0,0,0,0,0.0
Danny Amendola,2018,16,MIA,JAX,0,0,0.0,0,0.0,0,0.0,0,0.0,0,0,0,0.0
Danny Amendola,2018,17,BUF,MIA,0,0,0.0,0,0.0,0,0.0,0,0.0,0,0,0,0.0
Matt Haack,2018,1,MIA,TEN,0,0,0.0,0,0.0,0,0.0,0,0.0,0,0,0,0.0
Matt Haack,2018,2,NYJ,MIA,0,0,0.0,0,0.0,0,0.0,0,0.0,0,0,0,0.0
Matt Haack,2018,3,MIA,OAK,0,0,0.0,0,0.0,0,0.0,0,0.0,0,0,0,0.0
Matt Haack,2018,4,NE,MIA,0,0,0.0,0,0.0,0,0.0,0,0.0,0,0,0,0.0
Matt Haack,2018,5,CIN,MIA,0,0,0.0,0,0.0,0,0.0,0,0.0,0,0,0,0.0
Matt Haack,2018,6,MIA,CHI,0,0,0.0,0,0.0,0,0.0,0,0.0,0,0,0,0.0
Matt Haack,2018,7,MIA,DET,0,0,0.0,0,0.0,0,0.0,0,0.0,0,0,0,0.0
Matt Haack,2018,8,HOU,MIA,0,0,0.0,0,0.0,0,0.0,0,0.0,0,0,0,0.0
Matt Haack,2018,9,MIA,NYJ,0,0,0.0,0,0.0,0,0.0,0,0.0,0,0,0,0.0
Matt Haack,2018,10,GB,MIA,0,0,0.0,0,0.0,0,0.0,0,0.0,0,0,0,0.0
Matt Haack,2018,12,IND,MIA,0,0,0.0,0,0.0,0,0.0,0,0.0,0,0,0,0.0
Matt Haack,2018,13,MIA,BUF,0,0,0.0,0,0.0,0,0.0,0,0.0,0,0,0,0.0
Matt Haack,2018,14,MIA,NE,0,0,0.0,0,0.0,0,0.0,0,0.0,0,0,0,0.0
Matt Haack,2018,15,MIN,MIA,0,0,0.0,0,0.0,0,0.0,0,0.0,0,0,0,0.0
Matt Haack,2018,16,MIA,JAX,0,0,0.0,0,0.0,0,0.0,0,0.0,0,0,0,0.0
Matt Haack,2018,17,BUF,MIA,0,0,0.0,0,0.0,0,0.0,0,0.0,0,0,0,0.0
Tanner McEvoy,2018,2,NYJ,MIA,0,0,0.0,0,0.0,0,0.0,0,0.0,0,0,0,0.0
Brock Osweiler,2018,4,NE,MIA,5,4,80.0,35,7.0,1,20.0,0,0.0,11,0,0,135.4
Brock Osweiler,2018,6,MIA,CHI,44,28,63.6,380,8.6,3,6.8,2,0.0,75t,0,0,94.9
Brock Osweiler,2018,7,MIA,DET,31,22,71.0,239,7.7,2,6.5,0,0.0,27,4,24,114.9
Brock Osweiler,2018,8,HOU,MIA,37,21,56.8,241,6.5,0,0.0,1,0.0,46,2,15,65.3
Brock Osweiler,2018,9,MIA,NYJ,24,15,62.5,139,5.8,0,0.0,0,0.0,26,4,35,78.3
Brock Osweiler,2018,10,GB,MIA,37,23,62.2,213,5.8,0,0.0,1,0.0,39,6,50,66.6
Brock Osweiler,2018,14,MIA,NE,0,0,0.0,0,0.0,0,0.0,0,0.0,0,1,6,0.0
Ryan Tannehill,2018,1,MIA,TEN,28,20,71.4,230,8.2,2,7.1,2,0.0,75t,1,8,89.9
Ryan Tannehill,2018,2,NYJ,MIA,23,17,73.9,168,7.3,2,8.7,0,0.0,29t,4,46,123.1
Ryan Tannehill,2018,3,MIA,OAK,23,17,73.9,289,12.6,3,13.0,0,0.0,74t,1,9,155.3
Ryan Tannehill,2018,4,NE,MIA,20,11,55.0,100,5.0,0,0.0,1,0.0,22,2,19,47.9
Ryan Tannehill,2018,5,CIN,MIA,35,20,57.1,185,5.3,1,2.9,2,0.0,22t,3,16,57.4
Ryan Tannehill,2018,12,IND,MIA,25,17,68.0,204,8.2,2,8.0,0,0.0,74t,1,3,119.4
Ryan Tannehill,2018,13,MIA,BUF,24,16,66.7,137,5.7,3,12.5,1,0.0,18t,3,22,103.6
Ryan Tannehill,2018,14,MIA,NE,19,14,73.7,265,13.9,3,15.8,0,0.0,69t,4,36,155.2
Ryan Tannehill,2018,15,MIN,MIA,24,11,45.8,108,4.5,0,0.0,0,0.0,18,9,71,59.0
Ryan Tannehill,2018,16,MIA,JAX,22,15,68.2,146,6.6,1,4.5,1,0.0,31,3,25,82.8
Ryan Tannehill,2018,17,BUF,MIA,31,18,58.1,147,4.7,0,0.0,2,0.0,19,4,24,43.3
Kirk Cousins,2018,1,MIN,SF,36,20,55.6,244,6.8,2,5.6,0,0.0,34,3,17,95.1
Kirk Cousins,2018,2,GB,MIN,48,35,72.9,425,8.9,4,8.3,1,0.0,75t,2,13,118.8
Kirk Cousins,2018,3,MIN,BUF,55,40,72.7,296,5.4,1,1.8,1,0.0,19,4,18,83.6
Kirk Cousins,2018,5,PHI,MIN,37,30,81.1,301,8.1,1,2.7,0,0.0,68,1,3,109.6
Kirk Cousins,2018,6,MIN,ARI,34,24,70.6,233,6.9,1,2.9,1,0.0,17,4,17,87.0
Kirk Cousins,2018,7,NYJ,MIN,40,25,62.5,241,6.0,2,5.0,0,0.0,34t,1,13,95.9
Kirk Cousins,2018,8,MIN,NO,41,31,75.6,359,8.8,2,4.9,1,0.0,31,4,21,107.7
Kirk Cousins,2018,9,MIN,DET,22,18,81.8,164,7.5,1,4.5,1,0.0,24,1,9,93.9
Kirk Cousins,2018,11,CHI,MIN,46,30,65.2,262,5.7,2,4.3,2,0.0,25,2,16,76.5
Kirk Cousins,2018,12,MIN,GB,38,29,76.3,342,9.0,3,7.9,0,0.0,33,2,17,129.5
Kirk Cousins,2018,13,NE,MIN,44,32,72.7,201,4.6,1,2.3,2,0.0,24,2,18,70.4
Kirk Cousins,2018,14,SEA,MIN,33,20,60.6,208,6.3,1,3.0,0,0.0,48,2,9,89.0
Kirk Cousins,2018,15,MIN,MIA,21,14,66.7,215,10.2,2,9.5,1,0.0,40t,2,17,112.2
Kirk Cousins,2018,16,DET,MIN,28,21,75.0,253,9.0,3,10.7,0,0.0,44t,2,13,137.9
Kirk Cousins,2018,17,MIN,CHI,33,20,60.6,132,4.0,1,3.0,0,0.0,18,4,31,79.4
Tom Brady,2018,1,NE,HOU,39,26,66.7,277,7.1,3,7.7,1,0.0,30,2,10,102.2
Tom Brady,2018,2,JAX,NE,35,24,68.6,234,6.7,2,5.7,0,0.0,29t,2,14,106.1
Tom Brady,2018,3,DET,NE,26,14,53.8,133,5.1,1,3.8,1,0.0,19,2,13,65.1
Tom Brady,2018,4,NE,MIA,35,23,65.7,274,7.8,3,8.6,2,0.0,55t,0,0,94.2
Tom Brady,2018,5,NE,IND,44,34,77.3,341,7.8,3,6.8,2,0.0,34t,0,0,102.6
Tom Brady,2018,6,NE,KC,35,24,68.6,340,9.7,1,2.9,0,0.0,42,2,13,109.2
Tom Brady,2018,7,CHI,NE,36,25,69.4,277,7.7,3,8.3,1,0.0,55,1,4,108.2
Tom Brady,2018,8,BUF,NE,45,29,64.4,324,7.2,0,0.0,0,0.0,29,2,13,85.8
Tom Brady,2018,9,NE,GB,35,22,62.9,294,8.4,1,2.9,0,0.0,55t,2,21,99.0
Tom Brady,2018,10,TEN,NE,41,21,51.2,254,6.2,0,0.0,0,0.0,44,3,23,70.6
Tom Brady,2018,12,NYJ,NE,31,20,64.5,283,9.1,2,6.5,0,0.0,36,0,0,115.4
Tom Brady,2018,13,NE,MIN,32,24,75.0,311,9.7,1,3.1,1,0.0,42,0,0,102.5
Tom Brady,2018,14,MIA,NE,43,27,62.8,358,8.3,3,7.0,0,0.0,37t,2,14,112.4
Tom Brady,2018,15,PIT,NE,36,25,69.4,279,7.8,1,2.8,1,0.0,63t,1,7,89.9
Tom Brady,2018,16,NE,BUF,24,13,54.2,126,5.2,1,4.2,2,0.0,32t,1,9,48.3
Tom Brady,2018,17,NE,NYJ,33,24,72.7,250,7.6,4,12.1,0,0.0,20,1,6,133.8
Julian Edelman,2018,5,NE,IND,0,0,0.0,0,0.0,0,0.0,0,0.0,0,0,0,0.0
Julian Edelman,2018,6,NE,KC,0,0,0.0,0,0.0,0,0.0,0,0.0,0,0,0,0.0
Julian Edelman,2018,7,CHI,NE,0,0,0.0,0,0.0,0,0.0,0,0.0,0,0,0,0.0
Julian Edelman,2018,8,BUF,NE,0,0,0.0,0,0.0,0,0.0,0,0.0,0,0,0,0.0
Julian Edelman,2018,9,NE,GB,1,1,100.0,37,37.0,0,0.0,0,0.0,37,0,0,118.8
Julian Edelman,2018,10,TEN,NE,1,1,100.0,6,6.0,0,0.0,0,0.0,6,0,0,91.7
Julian Edelman,2018,12,NYJ,NE,0,0,0.0,0,0.0,0,0.0,0,0.0,0,0,0,0.0
Julian Edelman,2018,13,NE,MIN,0,0,0.0,0,0.0,0,0.0,0,0.0,0,0,0,0.0
Julian Edelman,2018,14,MIA,NE,0,0,0.0,0,0.0,0,0.0,0,0.0,0,0,0,0.0
Julian Edelman,2018,15,PIT,NE,0,0,0.0,0,0.0,0,0.0,0,0.0,0,0,0,0.0
Julian Edelman,2018,16,NE,BUF,0,0,0.0,0,0.0,0,0.0,0,0.0,0,0,0,0.0
Julian Edelman,2018,17,NE,NYJ,0,0,0.0,0,0.0,0,0.0,0,0.0,0,0,0,0.0
Brian Hoyer,2018,4,NE,MIA,0,0,0.0,0,0.0,0,0.0,0,0.0,0,0,0,0.0
Brian Hoyer,2018,8,BUF,NE,0,0,0.0,0,0.0,0,0.0,0,0.0,0,0,0,0.0
Brian Hoyer,2018,10,TEN,NE,1,1,100.0,7,7.0,0,0.0,0,0.0,7,0,0,95.8
Brian Hoyer,2018,16,NE,BUF,1,0,0.0,0,0.0,0,0.0,0,0.0,0,0,0,39.6
Brian Hoyer,2018,17,NE,NYJ,0,0,0.0,0,0.0,0,0.0,0,0.0,0,0,0,0.0
Drew Brees,2018,1,NO,TB,45,37,82.2,439,9.8,3,6.7,0,0.0,35,1,7,129.5
Drew Brees,2018,2,NO,CLE,35,28,80.0,243,6.9,2,5.7,0,0.0,42,3,30,114.6
Drew Brees,2018,3,ATL,NO,49,39,79.6,396,8.1,3,6.1,0,0.0,35,1,5,120.7
Drew Brees,2018,4,NYG,NO,32,18,56.2,217,6.8,0,0.0,0,0.0,25,1,8,77.2
Drew Brees,2018,5,NO,WAS,29,26,89.7,363,12.5,3,10.3,0,0.0,62t,2,14,153.2
Drew Brees,2018,7,BAL,NO,30,22,73.3,212,7.1,2,6.7,0,0.0,32,1,7,114.9
Drew Brees,2018,8,MIN,NO,23,18,78.3,120,5.2,1,4.3,1,0.0,20,0,0,84.8
Drew Brees,2018,9,NO,LA,36,25,69.4,346,9.6,4,11.1,0,0.0,72t,0,0,137.0
Drew Brees,2018,10,CIN,NO,25,22,88.0,265,10.6,3,12.0,0,0.0,42,0,0,150.4
Drew Brees,2018,11,NO,PHI,30,22,73.3,363,12.1,4,13.3,0,0.0,38,0,0,153.2
Drew Brees,2018,12,NO,ATL,22,15,68.2,171,7.8,4,18.2,1,0.0,28t,1,6,111.9
Drew Brees,2018,13,DAL,NO,28,18,64.3,127,4.5,1,3.6,1,0.0,30t,2,16,71.6
Drew Brees,2018,14,TB,NO,31,24,77.4,201,6.5,1,3.2,1,0.0,20,1,3,90.9
Drew Brees,2018,15,CAR,NO,35,23,65.7,203,5.8,0,0.0,1,0.0,28,2,12,69.1
Drew Brees,2018,16,NO,PIT,39,27,69.2,326,8.4,1,2.6,0,0.0,42,2,13,103.2
Teddy Bridgewater,2018,5,NO,WAS,0,0,0.0,0,0.0,0,0.0,0,0.0,0,0,0,0.0
Teddy Bridgewater,2018,10,CIN,NO,1,0,0.0,0,0.0,0,0.0,0,0.0,0,0,0,39.6
Teddy Bridgewater,2018,11,NO,PHI,0,0,0.0,0,0.0,0,0.0,0,0.0,0,0,0,0.0
Teddy Bridgewater,2018,17,NO,CAR,22,14,63.6,118,5.4,1,4.5,1,0.0,18,2,8,73.7
Ted Ginn,2018,1,NO,TB,0,0,0.0,0,0.0,0,0.0,0,0.0,0,0,0,0.0
Ted Ginn,2018,2,NO,CLE,0,0,0.0,0,0.0,0,0.0,0,0.0,0,0,0,0.0
Ted Ginn,2018,3,ATL,NO,0,0,0.0,0,0.0,0,0.0,0,0.0,0,0,0,0.0
Ted Ginn,2018,4,NYG,NO,0,0,0.0,0,0.0,0,0.0,0,0.0,0,0,0,0.0
Ted Ginn,2018,16,NO,PIT,0,0,0.0,0,0.0,0,0.0,0,0.0,0,0,0,0.0
Taysom Hill,2018,2,NO,CLE,0,0,0.0,0,0.0,0,0.0,0,0.0,0,0,0,0.0
Taysom Hill,2018,3,ATL,NO,0,0,0.0,0,0.0,0,0.0,0,0.0,0,0,0,0.0
Taysom Hill,2018,4,NYG,NO,2,1,50.0,10,5.0,0,0.0,0,0.0,10,0,0,64.6
Taysom Hill,2018,5,NO,WAS,0,0,0.0,0,0.0,0,0.0,0,0.0,0,0,0,0.0
Taysom Hill,2018,7,BAL,NO,0,0,0.0,0,0.0,0,0.0,0,0.0,0,0,0,0.0
Taysom Hill,2018,8,MIN,NO,1,1,100.0,44,44.0,0,0.0,0,0.0,44,0,0,118.8
Taysom Hill,2018,9,NO,LA,0,0,0.0,0,0.0,0,0.0,0,0.0,0,0,0,0.0
Taysom Hill,2018,10,CIN,NO,1,0,0.0,0,0.0,0,0.0,0,0.0,0,0,0,39.6
Taysom Hill,2018,11,NO,PHI,2,1,50.0,10,5.0,0,0.0,0,0.0,10,0,0,64.6
Taysom Hill,2018,12,NO,ATL,0,0,0.0,0,0.0,0,0.0,0,0.0,0,1,3,0.0
Taysom Hill,2018,13,DAL,NO,0,0,0.0,0,0.0,0,0.0,0,0.0,0,0,0,0.0
Taysom Hill,2018,14,TB,NO,0,0,0.0,0,0.0,0,0.0,0,0.0,0,0,0,0.0
Taysom Hill,2018,15,CAR,NO,0,0,0.0,0,0.0,0,0.0,0,0.0,0,0,0,0.0
Taysom Hill,2018,16,NO,PIT,1,0,0.0,0,0.0,0,0.0,1,0.0,0,0,0,0.0
Taysom Hill,2018,17,NO,CAR,0,0,0.0,0,0.0,0,0.0,0,0.0,0,0,0,0.0
Alvin Kamara,2018,1,NO,TB,0,0,0.0,0,0.0,0,0.0,0,0.0,0,0,0,0.0
Alvin Kamara,2018,2,NO,CLE,0,0,0.0,0,0.0,0,0.0,0,0.0,0,0,0,0.0
Alvin Kamara,2018,3,ATL,NO,0,0,0.0,0,0.0,0,0.0,0,0.0,0,0,0,0.0
Alvin Kamara,2018,4,NYG,NO,0,0,0.0,0,0.0,0,0.0,0,0.0,0,0,0,0.0
Alvin Kamara,2018,5,NO,WAS,0,0,0.0,0,0.0,0,0.0,0,0.0,0,0,0,0.0
Alvin Kamara,2018,7,BAL,NO,0,0,0.0,0,0.0,0,0.0,0,0.0,0,0,0,0.0
Alvin Kamara,2018,8,MIN,NO,0,0,0.0,0,0.0,0,0.0,0,0.0,0,0,0,0.0
Alvin Kamara,2018,9,NO,LA,0,0,0.0,0,0.0,0,0.0,0,0.0,0,0,0,0.0
Alvin Kamara,2018,10,CIN,NO,0,0,0.0,0,0.0,0,0.0,0,0.0,0,0,0,0.0
Alvin Kamara,2018,11,NO,PHI,0,0,0.0,0,0.0,0,0.0,0,0.0,0,0,0,0.0
Alvin Kamara,2018,12,NO,ATL,0,0,0.0,0,0.0,0,0.0,0,0.0,0,0,0,0.0
Alvin Kamara,2018,13,DAL,NO,0,0,0.0,0,0.0,0,0.0,0,0.0,0,0,0,0.0
Alvin Kamara,2018,14,TB,NO,0,0,0.0,0,0.0,0,0.0,0,0.0,0,0,0,0.0
Alvin Kamara,2018,15,CAR,NO,0,0,0.0,0,0.0,0,0.0,0,0.0,0,0,0,0.0
Alvin Kamara,2018,16,NO,PIT,0,0,0.0,0,0.0,0,0.0,0,0.0,0,0,0,0.0
Cameron Meredith,2018,3,ATL,NO,0,0,0.0,0,0.0,0,0.0,0,0.0,0,0,0,0.0
Cameron Meredith,2018,4,NYG,NO,0,0,0.0,0,0.0,0,0.0,0,0.0,0,0,0,0.0
Cameron Meredith,2018,5,NO,WAS,0,0,0.0,0,0.0,0,0.0,0,0.0,0,0,0,0.0
Thomas Morstead,2018,1,NO,TB,0,0,0.0,0,0.0,0,0.0,0,0.0,0,0,0,0.0
Thomas Morstead,2018,2,NO,CLE,0,0,0.0,0,0.0,0,0.0,0,0.0,0,0,0,0.0
Thomas Morstead,2018,3,ATL,NO,0,0,0.0,0,0.0,0,0.0,0,0.0,0,0,0,0.0
Thomas Morstead,2018,4,NYG,NO,0,0,0.0,0,0.0,0,0.0,0,0.0,0,0,0,0.0
Thomas Morstead,2018,7,BAL,NO,0,0,0.0,0,0.0,0,0.0,0,0.0,0,0,0,0.0
Thomas Morstead,2018,8,MIN,NO,0,0,0.0,0,0.0,0,0.0,0,0.0,0,0,0,0.0
Thomas Morstead,2018,9,NO,LA,0,0,0.0,0,0.0,0,0.0,0,0.0,0,0,0,0.0
Thomas Morstead,2018,11,NO,PHI,0,0,0.0,0,0.0,0,0.0,0,0.0,0,0,0,0.0
Thomas Morstead,2018,12,NO,ATL,0,0,0.0,0,0.0,0,0.0,0,0.0,0,0,0,0.0
Thomas Morstead,2018,13,DAL,NO,0,0,0.0,0,0.0,0,0.0,0,0.0,0,0,0,0.0
Thomas Morstead,2018,14,TB,NO,0,0,0.0,0,0.0,0,0.0,0,0.0,0,0,0,0.0
Thomas Morstead,2018,15,CAR,NO,0,0,0.0,0,0.0,0,0.0,0,0.0,0,0,0,0.0
Thomas Morstead,2018,16,NO,PIT,0,0,0.0,0,0.0,0,0.0,0,0.0,0,0,0,0.0
Thomas Morstead,2018,17,NO,CAR,0,0,0.0,0,0.0,0,0.0,0,0.0,0,0,0,0.0
Odell Beckham,2018,1,NYG,JAX,0,0,0.0,0,0.0,0,0.0,0,0.0,0,0,0,0.0
Odell Beckham,2018,2,DAL,NYG,0,0,0.0,0,0.0,0,0.0,0,0.0,0,0,0,0.0
Odell Beckham,2018,3,HOU,NYG,0,0,0.0,0,0.0,0,0.0,0,0.0,0,0,0,0.0
Odell Beckham,2018,4,NYG,NO,0,0,0.0,0,0.0,0,0.0,0,0.0,0,0,0,0.0
Odell Beckham,2018,5,CAR,NYG,1,1,100.0,57,57.0,1,100.0,0,0.0,57t,0,0,158.3
Odell Beckham,2018,6,NYG,PHI,0,0,0.0,0,0.0,0,0.0,0,0.0,0,0,0,0.0
Odell Beckham,2018,7,ATL,NYG,0,0,0.0,0,0.0,0,0.0,0,0.0,0,0,0,0.0
Odell Beckham,2018,8,NYG,WAS,0,0,0.0,0,0.0,0,0.0,0,0.0,0,0,0,0.0
Odell Beckham,2018,10,SF,NYG,0,0,0.0,0,0.0,0,0.0,0,0.0,0,0,0,0.0
Odell Beckham,2018,11,NYG,TB,0,0,0.0,0,0.0,0,0.0,0,0.0,0,0,0,0.0
Odell Beckham,2018,12,PHI,NYG,0,0,0.0,0,0.0,0,0.0,0,0.0,0,0,0,0.0
Odell Beckham,2018,13,NYG,CHI,1,1,100.0,49,49.0,1,100.0,0,0.0,49t,0,0,158.3
Kyle Lauletta,2018,14,WAS,NYG,5,0,0.0,0,0.0,0,0.0,1,0.0,0,0,0,0.0
Eli Manning,2018,1,NYG,JAX,37,23,62.2,224,6.1,0,0.0,1,0.0,24,2,14,67.8
Eli Manning,2018,2,DAL,NYG,44,33,75.0,279,6.3,1,2.3,0,0.0,37,6,59,98.6
Eli Manning,2018,3,HOU,NYG,29,25,86.2,297,10.2,2,6.9,0,0.0,30,4,32,132.3
Eli Manning,2018,4,NYG,NO,41,31,75.6,255,6.2,1,2.4,0,0.0,27,3,21,99.1
Eli Manning,2018,5,CAR,NYG,36,22,61.1,326,9.1,2,5.6,2,0.0,40,1,1,86.1
Eli Manning,2018,6,NYG,PHI,43,24,55.8,281,6.5,0,0.0,1,0.0,55,4,27,66.1
Eli Manning,2018,7,ATL,NYG,38,27,71.1,399,10.5,1,2.6,0,0.0,58,4,27,113.8
Eli Manning,2018,8,NYG,WAS,47,30,63.8,316,6.7,1,2.1,2,0.0,44,7,50,72.7
Eli Manning,2018,10,SF,NYG,31,19,61.3,188,6.1,3,9.7,0,0.0,31,1,8,110.7
Eli Manning,2018,11,NYG,TB,18,17,94.4,231,12.8,2,11.1,0,0.0,54,4,35,155.8
Eli Manning,2018,12,PHI,NYG,37,26,70.3,297,8.0,1,2.7,1,0.0,39,2,21,91.8
Eli Manning,2018,13,NYG,CHI,35,19,54.3,170,4.9,1,2.9,1,0.0,20,3,22,65.2
Eli Manning,2018,14,WAS,NYG,22,14,63.6,197,9.0,3,13.6,0,0.0,39,2,22,132.0
Eli Manning,2018,15,NYG,TEN,44,21,47.7,229,5.2,0,0.0,1,0.0,38,3,16,54.1
Eli Manning,2018,16,IND,NYG,33,25,75.8,309,9.4,1,3.0,1,0.0,55,0,0,101.7
Eli Manning,2018,17,NYG,DAL,41,24,58.5,301,7.3,2,4.9,1,0.0,51,1,3,87.6
Sam Darnold,2018,1,DET,NYJ,21,16,76.2,198,9.4,2,9.5,1,0.0,41t,2,18,116.8
Sam Darnold,2018,2,NYJ,MIA,41,25,61.0,334,8.1,1,2.4,2,0.0,44,3,14,74.6
Sam Darnold,2018,3,CLE,NYJ,31,15,48.4,169,5.5,0,0.0,2,0.0,25,2,8,38.2
Sam Darnold,2018,4,JAX,NYJ,34,17,50.0,167,4.9,1,2.9,0,0.0,42,3,23,74.0
Sam Darnold,2018,5,NYJ,DEN,22,10,45.5,198,9.0,3,13.6,1,0.0,76t,1,9,98.1
Sam Darnold,2018,6,NYJ,IND,30,24,80.0,280,9.3,2,6.7,1,0.0,32t,2,13,113.9
Sam Darnold,2018,7,NYJ,MIN,42,17,40.5,206,4.9,1,2.4,3,0.0,35,3,14,34.4
Sam Darnold,2018,8,CHI,NYJ,29,14,48.3,153,5.3,1,3.4,0,0.0,29,1,3,75.8
Sam Darnold,2018,9,MIA,NYJ,39,21,53.8,229,5.9,0,0.0,4,0.0,28,4,27,31.8
Sam Darnold,2018,14,BUF,NYJ,24,16,66.7,170,7.1,1,4.2,1,0.0,37,0,0,83.7
Sam Darnold,2018,15,NYJ,HOU,38,24,63.2,253,6.7,2,5.3,0,0.0,26,3,25,100.0
Sam Darnold,2018,16,NYJ,GB,35,24,68.6,341,9.7,3,8.6,0,0.0,33t,2,18,128.4
Sam Darnold,2018,17,NE,NYJ,28,16,57.1,167,6.0,0,0.0,0,0.0,25,4,32,74.6
Josh McCown,2018,10,NYJ,BUF,34,17,50.0,135,4.0,0,0.0,2,0.0,22,3,19,35.8
Josh McCown,2018,12,NYJ,NE,45,26,57.8,276,6.1,1,2.2,1,0.0,41,2,12,73.9
Josh McCown,2018,13,TEN,NYJ,30,17,56.7,128,4.3,0,0.0,1,0.0,20,2,4,53.2
Josh McCown,2018,14,BUF,NYJ,1,0,0.0,0,0.0,0,0.0,0,0.0,0,0,0,39.6
Bilal Powell,2018,1,DET,NYJ,0,0,0.0,0,0.0,0,0.0,0,0.0,0,0,0,0.0
Bilal Powell,2018,2,NYJ,MIA,0,0,0.0,0,0.0,0,0.0,0,0.0,0,0,0,0.0
Bilal Powell,2018,3,CLE,NYJ,0,0,0.0,0,0.0,0,0.0,0,0.0,0,0,0,0.0
Bilal Powell,2018,4,JAX,NYJ,0,0,0.0,0,0.0,0,0.0,0,0.0,0,0,0,0.0
Bilal Powell,2018,5,NYJ,DEN,0,0,0.0,0,0.0,0,0.0,0,0.0,0,0,0,0.0
Bilal Powell,2018,6,NYJ,IND,0,0,0.0,0,0.0,0,0.0,0,0.0,0,0,0,0.0
Bilal Powell,2018,7,NYJ,MIN,0,0,0.0,0,0.0,0,0.0,0,0.0,0,0,0,0.0
Brandon LaFell,2018,8,OAK,IND,0,0,0.0,0,0.0,0,0.0,0,0.0,0,0,0,0.0
Brandon LaFell,2018,9,SF,OAK,0,0,0.0,0,0.0,0,0.0,0,0.0,0,0,0,0.0
Brandon LaFell,2018,10,OAK,LAC,0,0,0.0,0,0.0,0,0.0,0,0.0,0,0,0,0.0
Brandon LaFell,2018,11,ARI,OAK,0,0,0.0,0,0.0,0,0.0,0,0.0,0,0,0,0.0
Marshawn Lynch,2018,1,OAK,LA,0,0,0.0,0,0.0,0,0.0,0,0.0,0,0,0,0.0
Marshawn Lynch,2018,2,DEN,OAK,0,0,0.0,0,0.0,0,0.0,0,0.0,0,0,0,0.0
Marshawn Lynch,2018,3,MIA,OAK,0,0,0.0,0,0.0,0,0.0,0,0.0,0,0,0,0.0
Marshawn Lynch,2018,4,OAK,CLE,0,0,0.0,0,0.0,0,0.0,0,0.0,0,0,0,0.0
Marshawn Lynch,2018,5,LAC,OAK,0,0,0.0,0,0.0,0,0.0,0,0.0,0,0,0,0.0
Marshawn Lynch,2018,6,OAK,SEA,0,0,0.0,0,0.0,0,0.0,0,0.0,0,0,0,0.0
Nelson Agholor,2018,1,PHI,ATL,1,1,100.0,15,15.0,0,0.0,0,0.0,15,0,0,118.8
Nelson Agholor,2018,2,TB,PHI,0,0,0.0,0,0.0,0,0.0,0,0.0,0,0,0,0.0
Nelson Agholor,2018,3,PHI,IND,0,0,0.0,0,0.0,0,0.0,0,0.0,0,0,0,0.0
Nelson Agholor,2018,4,TEN,PHI,0,0,0.0,0,0.0,0,0.0,0,0.0,0,0,0,0.0
Nelson Agholor,2018,5,PHI,MIN,0,0,0.0,0,0.0,0,0.0,0,0.0,0,0,0,0.0
Nelson Agholor,2018,6,NYG,PHI,0,0,0.0,0,0.0,0,0.0,0,0.0,0,0,0,0.0
Nelson Agholor,2018,7,PHI,CAR,0,0,0.0,0,0.0,0,0.0,0,0.0,0,0,0,0.0
Nelson Agholor,2018,8,JAX,PHI,0,0,0.0,0,0.0,0,0.0,0,0.0,0,0,0,0.0
Nelson Agholor,2018,10,PHI,DAL,0,0,0.0,0,0.0,0,0.0,0,0.0,0,0,0,0.0
Nelson Agholor,2018,11,NO,PHI,0,0,0.0,0,0.0,0,0.0,0,0.0,0,0,0,0.0
Nelson Agholor,2018,12,PHI,NYG,0,0,0.0,0,0.0,0,0.0,0,0.0,0,0,0,0.0
Nelson Agholor,2018,13,PHI,WAS,0,0,0.0,0,0.0,0,0.0,0,0.0,0,0,0,0.0
Nelson Agholor,2018,14,DAL,PHI,0,0,0.0,0,0.0,0,0.0,0,0.0,0,0,0,0.0
Nelson Agholor,2018,15,LA,PHI,0,0,0.0,0,0.0,0,0.0,0,0.0,0,0,0,0.0
Nelson Agholor,2018,16,PHI,HOU,0,0,0.0,0,0.0,0,0.0,0,0.0,0,0,0,0.0
Nelson Agholor,2018,17,WAS,PHI,0,0,0.0,0,0.0,0,0.0,0,0.0,0,0,0,0.0
Nick Foles,2018,1,PHI,ATL,34,19,55.9,117,3.4,0,0.0,1,0.0,18,2,13,50.7
Nick Foles,2018,2,TB,PHI,48,35,72.9,334,7.0,1,2.1,0,0.0,50,3,13,98.8
Nick Foles,2018,15,LA,PHI,31,24,77.4,270,8.7,0,0.0,1,0.0,50,0,0,89.4
Nick Foles,2018,16,PHI,HOU,49,35,71.4,471,9.6,4,8.2,1,0.0,83t,1,9,120.4
Nick Foles,2018,17,WAS,PHI,33,28,84.8,221,6.7,2,6.1,1,0.0,25,3,12,102.1
Nate Sudfeld,2018,16,PHI,HOU,1,0,0.0,0,0.0,0,0.0,0,0.0,0,0,0,39.6
Nate Sudfeld,2018,17,WAS,PHI,1,1,100.0,22,22.0,1,100.0,0,0.0,22t,0,0,158.3
Chris Boswell,2018,1,CLE,PIT,0,0,0.0,0,0.0,0,0.0,0,0.0,0,0,0,0.0
Chris Boswell,2018,2,PIT,KC,0,0,0.0,0,0.0,0,0.0,0,0.0,0,0,0,0.0
Chris Boswell,2018,3,TB,PIT,0,0,0.0,0,0.0,0,0.0,0,0.0,0,0,0,0.0
Chris Boswell,2018,4,PIT,BAL,0,0,0.0,0,0.0,0,0.0,0,0.0,0,0,0,0.0
Chris Boswell,2018,5,PIT,ATL,0,0,0.0,0,0.0,0,0.0,0,0.0,0,0,0,0.0
Chris Boswell,2018,6,CIN,PIT,0,0,0.0,0,0.0,0,0.0,0,0.0,0,0,0,0.0
Chris Boswell,2018,8,PIT,CLE,0,0,0.0,0,0.0,0,0.0,0,0.0,0,0,0,0.0
Chris Boswell,2018,9,BAL,PIT,0,0,0.0,0,0.0,0,0.0,0,0.0,0,0,0,0.0
Chris Boswell,2018,10,PIT,CAR,0,0,0.0,0,0.0,0,0.0,0,0.0,0,0,0,0.0
Chris Boswell,2018,11,JAX,PIT,0,0,0.0,0,0.0,0,0.0,0,0.0,0,0,0,0.0
Chris Boswell,2018,12,DEN,PIT,1,1,100.0,2,2.0,1,100.0,0,0.0,2t,0,0,118.8
Chris Boswell,2018,13,PIT,LAC,0,0,0.0,0,0.0,0,0.0,0,0.0,0,0,0,0.0
Chris Boswell,2018,14,OAK,PIT,0,0,0.0,0,0.0,0,0.0,0,0.0,0,0,0,0.0
Chris Boswell,2018,15,PIT,NE,0,0,0.0,0,0.0,0,0.0,0,0.0,0,0,0,0.0
Chris Boswell,2018,16,NO,PIT,0,0,0.0,0,0.0,0,0.0,0,0.0,0,0,0,0.0
Joshua Dobbs,2018,5,PIT,ATL,0,0,0.0,0,0.0,0,0.0,0,0.0,0,0,0,0.0
Joshua Dobbs,2018,8,PIT,CLE,0,0,0.0,0,0.0,0,0.0,0,0.0,0,0,0,0.0
Joshua Dobbs,2018,9,BAL,PIT,1,1,100.0,22,22.0,0,0.0,0,0.0,22,0,0,118.8
Joshua Dobbs,2018,10,PIT,CAR,2,1,50.0,-3,-1.5,0,0.0,0,0.0,-3,0,0,56.2
Joshua Dobbs,2018,14,OAK,PIT,9,4,44.4,24,2.7,0,0.0,1,0.0,12,0,0,12.0
Ben Roethlisberger,2018,1,CLE,PIT,41,23,56.1,335,8.2,1,2.4,3,0.0,67,4,22,60.5
Ben Roethlisberger,2018,2,PIT,KC,60,39,65.0,452,7.5,3,5.0,0,0.0,46,1,10,104.3
Ben Roethlisberger,2018,3,TB,PIT,38,30,78.9,353,9.3,3,7.9,1,0.0,75t,3,18,120.7
Ben Roethlisberger,2018,4,PIT,BAL,47,27,57.4,274,5.8,1,2.1,1,0.0,38,1,9,72.5
Ben Roethlisberger,2018,5,PIT,ATL,29,19,65.5,250,8.6,3,10.3,1,0.0,47t,0,0,112.7
Ben Roethlisberger,2018,6,CIN,PIT,46,32,69.6,369,8.0,1,2.2,0,0.0,48,0,0,100.7
Ben Roethlisberger,2018,8,PIT,CLE,36,24,66.7,257,7.1,2,5.6,1,0.0,43t,1,4,94.3
Ben Roethlisberger,2018,9,BAL,PIT,47,28,59.6,270,5.7,2,4.3,0,0.0,51,1,10,89.8
Ben Roethlisberger,2018,10,PIT,CAR,25,22,88.0,328,13.1,5,20.0,0,0.0,75t,1,6,158.3
Ben Roethlisberger,2018,11,JAX,PIT,47,27,57.4,314,6.7,2,4.3,3,0.0,78t,2,17,65.4
Ben Roethlisberger,2018,12,DEN,PIT,56,41,73.2,462,8.2,1,1.8,2,0.0,97t,2,12,88.5
Ben Roethlisberger,2018,13,PIT,LAC,45,29,64.4,281,6.2,2,4.4,1,0.0,46,1,10,87.4
Ben Roethlisberger,2018,14,OAK,PIT,29,25,86.2,282,9.7,2,6.9,0,0.0,48,1,6,130.2
Ben Roethlisberger,2018,15,PIT,NE,34,22,64.7,235,6.9,2,5.9,2,0.0,32,2,17,79.9
Ben Roethlisberger,2018,16,NO,PIT,50,33,66.0,380,7.6,3,6.0,0,0.0,49,3,16,108.8
Ben Roethlisberger,2018,17,PIT,CIN,45,31,68.9,287,6.4,1,2.2,1,0.0,47,1,9,84.2
Jaylen Samuels,2018,8,PIT,CLE,0,0,0.0,0,0.0,0,0.0,0,0.0,0,0,0,0.0
Jaylen Samuels,2018,9,BAL,PIT,0,0,0.0,0,0.0,0,0.0,0,0.0,0,0,0,0.0
Jaylen Samuels,2018,10,PIT,CAR,0,0,0.0,0,0.0,0,0.0,0,0.0,0,0,0,0.0
Jaylen Samuels,2018,12,DEN,PIT,0,0,0.0,0,0.0,0,0.0,0,0.0,0,0,0,0.0
Jaylen Samuels,2018,13,PIT,LAC,0,0,0.0,0,0.0,0,0.0,0,0.0,0,0,0,0.0
Jaylen Samuels,2018,14,OAK,PIT,0,0,0.0,0,0.0,0,0.0,0,0.0,0,0,0,0.0
Jaylen Samuels,2018,15,PIT,NE,0,0,0.0,0,0.0,0,0.0,0,0.0,0,0,0,0.0
Jaylen Samuels,2018,16,NO,PIT,0,0,0.0,0,0.0,0,0.0,0,0.0,0,0,0,0.0
Jaylen Samuels,2018,17,PIT,CIN,0,0,0.0,0,0.0,0,0.0,0,0.0,0,0,0,0.0
Pierre Garcon,2018,1,MIN,SF,0,0,0.0,0,0.0,0,0.0,0,0.0,0,0,0,0.0
Pierre Garcon,2018,2,SF,DET,0,0,0.0,0,0.0,0,0.0,0,0.0,0,0,0,0.0
Pierre Garcon,2018,3,KC,SF,0,0,0.0,0,0.0,0,0.0,0,0.0,0,0,0,0.0
Pierre Garcon,2018,4,LAC,SF,0,0,0.0,0,0.0,0,0.0,0,0.0,0,0,0,0.0
Pierre Garcon,2018,5,SF,ARI,0,0,0.0,0,0.0,0,0.0,0,0.0,0,0,0,0.0
Pierre Garcon,2018,6,GB,SF,0,0,0.0,0,0.0,0,0.0,0,0.0,0,0,0,0.0
Pierre Garcon,2018,7,SF,LA,0,0,0.0,0,0.0,0,0.0,0,0.0,0,0,0,0.0
Pierre Garcon,2018,9,SF,OAK,0,0,0.0,0,0.0,0,0.0,0,0.0,0,0,0,0.0
Jimmy Garoppolo,2018,1,MIN,SF,33,15,45.5,261,7.9,1,3.0,3,0.0,56,3,24,45.1
Jimmy Garoppolo,2018,2,SF,DET,26,18,69.2,206,7.9,2,7.7,0,0.0,35,6,50,118.4
Jimmy Garoppolo,2018,3,KC,SF,30,20,66.7,251,8.4,2,6.7,0,0.0,35t,4,23,114.7
Robbie Gould,2018,1,MIN,SF,0,0,0.0,0,0.0,0,0.0,0,0.0,0,0,0,0.0
Robbie Gould,2018,2,SF,DET,0,0,0.0,0,0.0,0,0.0,0,0.0,0,0,0,0.0
Robbie Gould,2018,3,KC,SF,0,0,0.0,0,0.0,0,0.0,0,0.0,0,0,0,0.0
Robbie Gould,2018,4,LAC,SF,0,0,0.0,0,0.0,0,0.0,0,0.0,0,0,0,0.0
Robbie Gould,2018,5,SF,ARI,0,0,0.0,0,0.0,0,0.0,0,0.0,0,0,0,0.0
Robbie Gould,2018,6,GB,SF,0,0,0.0,0,0.0,0,0.0,0,0.0,0,0,0,0.0
Robbie Gould,2018,7,SF,LA,0,0,0.0,0,0.0,0,0.0,0,0.0,0,0,0,0.0
Robbie Gould,2018,8,ARI,SF,0,0,0.0,0,0.0,0,0.0,0,0.0,0,0,0,0.0
Robbie Gould,2018,9,SF,OAK,0,0,0.0,0,0.0,0,0.0,0,0.0,0,0,0,0.0
Robbie Gould,2018,10,SF,NYG,0,0,0.0,0,0.0,0,0.0,0,0.0,0,0,0,0.0
Robbie Gould,2018,12,TB,SF,0,0,0.0,0,0.0,0,0.0,0,0.0,0,0,0,0.0
Robbie Gould,2018,13,SEA,SF,0,0,0.0,0,0.0,0,0.0,0,0.0,0,0,0,0.0
Robbie Gould,2018,14,SF,DEN,0,0,0.0,0,0.0,0,0.0,0,0.0,0,0,0,0.0
Robbie Gould,2018,15,SF,SEA,0,0,0.0,0,0.0,0,0.0,0,0.0,0,0,0,0.0
Robbie Gould,2018,16,SF,CHI,0,0,0.0,0,0.0,0,0.0,0,0.0,0,0,0,0.0
Robbie Gould,2018,17,LA,SF,0,0,0.0,0,0.0,0,0.0,0,0.0,0,0,0,0.0
Nick Mullens,2018,9,SF,OAK,22,16,72.7,262,11.9,3,13.6,0,0.0,71,0,0,151.9
Nick Mullens,2018,10,SF,NYG,39,27,69.2,250,6.4,1,2.6,2,0.0,26,0,0,73.7
Nick Mullens,2018,12,TB,SF,32,18,56.2,221,6.9,1,3.1,2,0.0,25,4,27,62.1
Nick Mullens,2018,13,SEA,SF,48,30,62.5,414,8.6,2,4.2,1,0.0,75t,3,28,95.3
Nick Mullens,2018,14,SF,DEN,33,20,60.6,332,10.1,2,6.1,1,0.0,85t,3,27,102.1
Nick Mullens,2018,15,SF,SEA,29,20,69.0,275,9.5,1,3.4,0,0.0,41t,3,18,110.6
Nick Mullens,2018,16,SF,CHI,38,22,57.9,241,6.3,0,0.0,1,0.0,35,1,9,65.8
Nick Mullens,2018,17,LA,SF,33,23,69.7,282,8.5,3,9.1,3,0.0,43t,3,18,88.2
Russell Wilson,2018,1,DEN,SEA,33,19,57.6,298,9.0,3,9.1,2,0.0,66,6,56,92.7
Russell Wilson,2018,2,CHI,SEA,36,22,61.1,226,6.3,2,5.6,1,0.0,34,6,24,86.1
Russell Wilson,2018,3,SEA,DAL,26,16,61.5,192,7.4,2,7.7,0,0.0,52t,2,10,109.8
Russell Wilson,2018,4,ARI,SEA,26,19,73.1,172,6.6,0,0.0,0,0.0,30,2,12,90.5
Russell Wilson,2018,5,SEA,LA,21,13,61.9,198,9.4,3,14.3,0,0.0,44,2,15,132.5
Russell Wilson,2018,6,OAK,SEA,23,17,73.9,222,9.7,3,13.0,1,0.0,42,1,8,125.4
Russell Wilson,2018,8,DET,SEA,17,14,82.4,248,14.6,3,17.6,0,0.0,45,2,11,158.3
Russell Wilson,2018,9,SEA,LAC,39,26,66.7,235,6.0,2,5.1,1,0.0,42,4,33,89.2
Russell Wilson,2018,10,LA,SEA,26,17,65.4,176,6.8,3,11.5,0,0.0,29,4,35,123.2
Russell Wilson,2018,11,SEA,GB,31,21,67.7,225,7.3,2,6.5,0,0.0,34,3,20,110.3
Russell Wilson,2018,12,CAR,SEA,31,22,71.0,339,10.9,2,6.5,0,0.0,54,2,17,128.3
Russell Wilson,2018,13,SEA,SF,17,11,64.7,185,10.9,4,23.5,0,0.0,52t,3,22,140.9
Russell Wilson,2018,14,SEA,MIN,20,10,50.0,72,3.6,0,0.0,1,0.0,14,2,12,37.9
Russell Wilson,2018,15,SF,SEA,31,23,74.2,237,7.6,2,6.5,0,0.0,35t,3,20,117.3
Russell Wilson,2018,16,SEA,KC,29,18,62.1,271,9.3,3,10.3,0,0.0,45,3,17,127.2
Russell Wilson,2018,17,SEA,ARI,21,12,57.1,152,7.2,1,4.8,1,0.0,37,6,43,75.9
Bryan Anger,2018,1,NO,TB,0,0,0.0,0,0.0,0,0.0,0,0.0,0,0,0,0.0
Bryan Anger,2018,2,TB,PHI,0,0,0.0,0,0.0,0,0.0,0,0.0,0,0,0,0.0
Bryan Anger,2018,3,TB,PIT,0,0,0.0,0,0.0,0,0.0,0,0.0,0,0,0,0.0
Bryan Anger,2018,4,CHI,TB,0,0,0.0,0,0.0,0,0.0,0,0.0,0,0,0,0.0
Bryan Anger,2018,6,ATL,TB,0,0,0.0,0,0.0,0,0.0,0,0.0,0,0,0,0.0
Bryan Anger,2018,7,TB,CLE,0,0,0.0,0,0.0,0,0.0,0,0.0,0,0,0,0.0
Bryan Anger,2018,8,CIN,TB,0,0,0.0,0,0.0,0,0.0,0,0.0,0,0,0,0.0
Bryan Anger,2018,9,CAR,TB,1,0,0.0,0,0.0,0,0.0,0,0.0,0,0,0,39.6
Bryan Anger,2018,10,TB,WAS,0,0,0.0,0,0.0,0,0.0,0,0.0,0,0,0,0.0
Bryan Anger,2018,11,NYG,TB,0,0,0.0,0,0.0,0,0.0,0,0.0,0,0,0,0.0
Bryan Anger,2018,12,TB,SF,0,0,0.0,0,0.0,0,0.0,0,0.0,0,0,0,0.0
Bryan Anger,2018,13,TB,CAR,0,0,0.0,0,0.0,0,0.0,0,0.0,0,0,0,0.0
Bryan Anger,2018,14,TB,NO,0,0,0.0,0,0.0,0,0.0,0,0.0,0,0,0,0.0
Bryan Anger,2018,15,BAL,TB,0,0,0.0,0,0.0,0,0.0,0,0.0,0,0,0,0.0
Bryan Anger,2018,16,DAL,TB,0,0,0.0,0,0.0,0,0.0,0,0.0,0,0,0,0.0
Bryan Anger,2018,17,TB,ATL,0,0,0.0,0,0.0,0,0.0,0,0.0,0,0,0,0.0
Ryan Fitzpatrick,2018,1,NO,TB,28,21,75.0,417,14.9,4,14.3,0,0.0,58t,0,0,156.2
Ryan Fitzpatrick,2018,2,TB,PHI,33,27,81.8,402,12.2,4,12.1,1,0.0,75t,2,9,144.4
Ryan Fitzpatrick,2018,3,TB,PIT,50,30,60.0,411,8.2,3,6.0,3,0.0,51,3,19,81.3
Ryan Fitzpatrick,2018,4,CHI,TB,18,9,50.0,126,7.0,0,0.0,1,0.0,48,2,9,49.8
Ryan Fitzpatrick,2018,8,CIN,TB,15,11,73.3,194,12.9,2,13.3,0,0.0,72t,1,0,154.9
Ryan Fitzpatrick,2018,9,CAR,TB,40,24,60.0,243,6.1,4,10.0,2,0.0,31,3,24,89.9
Ryan Fitzpatrick,2018,10,TB,WAS,41,29,70.7,406,9.9,0,0.0,2,0.0,29,2,8,82.0
Ryan Fitzpatrick,2018,11,NYG,TB,21,13,61.9,167,8.0,0,0.0,3,0.0,39,1,7,47.2
Cairo Santos,2018,5,SEA,LA,0,0,0.0,0,0.0,0,0.0,0,0.0,0,0,0,0.0
Cairo Santos,2018,6,DEN,LA,0,0,0.0,0,0.0,0,0.0,0,0.0,0,0,0,0.0
Cairo Santos,2018,11,NYG,TB,0,0,0.0,0,0.0,0,0.0,0,0.0,0,0,0,0.0
Cairo Santos,2018,12,TB,SF,0,0,0.0,0,0.0,0,0.0,0,0.0,0,0,0,0.0
Cairo Santos,2018,13,TB,CAR,0,0,0.0,0,0.0,0,0.0,0,0.0,0,0,0,0.0
Cairo Santos,2018,14,TB,NO,0,0,0.0,0,0.0,0,0.0,0,0.0,0,0,0,0.0
Cairo Santos,2018,15,BAL,TB,0,0,0.0,0,0.0,0,0.0,0,0.0,0,0,0,0.0
Cairo Santos,2018,16,DAL,TB,0,0,0.0,0,0.0,0,0.0,0,0.0,0,0,0,0.0
Cairo Santos,2018,17,TB,ATL,0,0,0.0,0,0.0,0,0.0,0,0.0,0,0,0,0.0
Jameis Winston,2018,4,CHI,TB,20,16,80.0,145,7.2,1,5.0,2,0.0,17,2,11,74.0
Jameis Winston,2018,6,ATL,TB,41,30,73.2,395,9.6,4,9.8,2,0.0,51,2,6,115.4
Jameis Winston,2018,7,TB,CLE,52,32,61.5,365,7.0,0,0.0,2,0.0,29,4,23,66.6
Jameis Winston,2018,8,CIN,TB,35,18,51.4,276,7.9,1,2.9,4,0.0,60t,5,20,47.7
Jameis Winston,2018,11,NYG,TB,16,12,75.0,199,12.4,2,12.5,1,0.0,41t,0,0,129.9
Jameis Winston,2018,12,TB,SF,38,29,76.3,312,8.2,2,5.3,0,0.0,42,1,8,117.4
Jameis Winston,2018,13,TB,CAR,30,20,66.7,249,8.3,2,6.7,0,0.0,48,4,29,114.4
Jameis Winston,2018,14,TB,NO,38,18,47.4,213,5.6,2,5.3,1,0.0,36,4,39,71.5
Jameis Winston,2018,15,BAL,TB,25,13,52.0,157,6.3,0,0.0,1,0.0,64,1,1,54.9
Jameis Winston,2018,16,DAL,TB,48,34,70.8,336,7.0,1,2.1,0,0.0,38,3,16,97.2
Jameis Winston,2018,17,TB,ATL,35,22,62.9,345,9.9,4,11.4,1,0.0,33,1,4,121.7
Kevin Byard,2018,1,MIA,TEN,0,0,0.0,0,0.0,0,0.0,0,0.0,0,0,0,0.0
Kevin Byard,2018,2,TEN,HOU,1,1,100.0,66,66.0,1,100.0,0,0.0,66t,0,0,158.3
Kevin Byard,2018,3,JAX,TEN,0,0,0.0,0,0.0,0,0.0,0,0.0,0,0,0,0.0
Kevin Byard,2018,4,TEN,PHI,0,0,0.0,0,0.0,0,0.0,0,0.0,0,0,0,0.0
Kevin Byard,2018,5,BUF,TEN,0,0,0.0,0,0.0,0,0.0,0,0.0,0,0,0,0.0
Kevin Byard,2018,6,TEN,BAL,0,0,0.0,0,0.0,0,0.0,0,0.0,0,0,0,0.0
Kevin Byard,2018,7,LAC,TEN,0,0,0.0,0,0.0,0,0.0,0,0.0,0,0,0,0.0
Kevin Byard,2018,9,DAL,TEN,0,0,0.0,0,0.0,0,0.0,0,0.0,0,0,0,0.0
Kevin Byard,2018,10,TEN,NE,0,0,0.0,0,0.0,0,0.0,0,0.0,0,0,0,0.0
Kevin Byard,2018,11,IND,TEN,0,0,0.0,0,0.0,0,0.0,0,0.0,0,0,0,0.0
Kevin Byard,2018,12,HOU,TEN,0,0,0.0,0,0.0,0,0.0,0,0.0,0,0,0,0.0
Kevin Byard,2018,13,TEN,NYJ,0,0,0.0,0,0.0,0,0.0,0,0.0,0,0,0,0.0
Kevin Byard,2018,14,TEN,JAX,0,0,0.0,0,0.0,0,0.0,0,0.0,0,0,0,0.0
Kevin Byard,2018,15,NYG,TEN,0,0,0.0,0,0.0,0,0.0,0,0.0,0,0,0,0.0
Kevin Byard,2018,16,TEN,WAS,0,0,0.0,0,0.0,0,0.0,0,0.0,0,0,0,0.0
Kevin Byard,2018,17,TEN,IND,0,0,0.0,0,0.0,0,0.0,0,0.0,0,0,0,0.0
Blaine Gabbert,2018,1,MIA,TEN,22,11,50.0,117,5.3,0,0.0,1,0.0,18,0,0,47.0
Blaine Gabbert,2018,2,TEN,HOU,20,13,65.0,117,5.8,1,5.0,0,0.0,18t,1,8,97.3
Blaine Gabbert,2018,3,JAX,TEN,3,1,33.3,8,2.7,0,0.0,0,0.0,8,2,17,42.4
Blaine Gabbert,2018,11,IND,TEN,16,11,68.8,118,7.4,1,6.2,1,0.0,28,1,8,84.9
Blaine Gabbert,2018,13,TEN,NYJ,0,0,0.0,0,0.0,0,0.0,0,0.0,0,0,0,0.0
Blaine Gabbert,2018,15,NYG,TEN,0,0,0.0,0,0.0,0,0.0,0,0.0,0,0,0,0.0
Blaine Gabbert,2018,16,TEN,WAS,11,7,63.6,101,9.2,1,9.1,0,0.0,35,1,4,123.7
Blaine Gabbert,2018,17,TEN,IND,29,18,62.1,165,5.7,1,3.4,2,0.0,22t,0,0,60.3
Derrick Henry,2018,1,MIA,TEN,0,0,0.0,0,0.0,0,0.0,0,0.0,0,0,0,0.0
Derrick Henry,2018,2,TEN,HOU,1,1,100.0,8,8.0,0,0.0,0,0.0,8,0,0,100.0
Derrick Henry,2018,3,JAX,TEN,0,0,0.0,0,0.0,0,0.0,0,0.0,0,0,0,0.0
Derrick Henry,2018,4,TEN,PHI,0,0,0.0,0,0.0,0,0.0,0,0.0,0,0,0,0.0
Derrick Henry,2018,5,BUF,TEN,0,0,0.0,0,0.0,0,0.0,0,0.0,0,0,0,0.0
Derrick Henry,2018,6,TEN,BAL,0,0,0.0,0,0.0,0,0.0,0,0.0,0,0,0,0.0
Derrick Henry,2018,7,LAC,TEN,0,0,0.0,0,0.0,0,0.0,0,0.0,0,0,0,0.0
Derrick Henry,2018,9,DAL,TEN,0,0,0.0,0,0.0,0,0.0,0,0.0,0,0,0,0.0
Derrick Henry,2018,10,TEN,NE,0,0,0.0,0,0.0,0,0.0,0,0.0,0,0,0,0.0
Derrick Henry,2018,11,IND,TEN,0,0,0.0,0,0.0,0,0.0,0,0.0,0,0,0,0.0
Derrick Henry,2018,12,HOU,TEN,0,0,0.0,0,0.0,0,0.0,0,0.0,0,0,0,0.0
Derrick Henry,2018,13,TEN,NYJ,0,0,0.0,0,0.0,0,0.0,0,0.0,0,0,0,0.0
Derrick Henry,2018,14,TEN,JAX,0,0,0.0,0,0.0,0,0.0,0,0.0,0,0,0,0.0
Derrick Henry,2018,15,NYG,TEN,1,1,100.0,6,6.0,0,0.0,0,0.0,6,0,0,91.7
Derrick Henry,2018,16,TEN,WAS,1,0,0.0,0,0.0,0,0.0,0,0.0,0,0,0,39.6
Derrick Henry,2018,17,TEN,IND,0,0,0.0,0,0.0,0,0.0,0,0.0,0,0,0,0.0
Brett Kern,2018,1,MIA,TEN,0,0,0.0,0,0.0,0,0.0,0,0.0,0,0,0,0.0
Brett Kern,2018,2,TEN,HOU,0,0,0.0,0,0.0,0,0.0,0,0.0,0,0,0,0.0
Brett Kern,2018,3,JAX,TEN,0,0,0.0,0,0.0,0,0.0,0,0.0,0,0,0,0.0
Brett Kern,2018,4,TEN,PHI,0,0,0.0,0,0.0,0,0.0,0,0.0,0,0,0,0.0
Brett Kern,2018,5,BUF,TEN,0,0,0.0,0,0.0,0,0.0,0,0.0,0,0,0,0.0
Brett Kern,2018,6,TEN,BAL,0,0,0.0,0,0.0,0,0.0,0,0.0,0,0,0,0.0
Brett Kern,2018,7,LAC,TEN,0,0,0.0,0,0.0,0,0.0,0,0.0,0,0,0,0.0
Brett Kern,2018,9,DAL,TEN,0,0,0.0,0,0.0,0,0.0,0,0.0,0,0,0,0.0
Brett Kern,2018,10,TEN,NE,0,0,0.0,0,0.0,0,0.0,0,0.0,0,0,0,0.0
Brett Kern,2018,11,IND,TEN,0,0,0.0,0,0.0,0,0.0,0,0.0,0,0,0,0.0
Brett Kern,2018,12,HOU,TEN,0,0,0.0,0,0.0,0,0.0,0,0.0,0,0,0,0.0
Brett Kern,2018,13,TEN,NYJ,0,0,0.0,0,0.0,0,0.0,0,0.0,0,0,0,0.0
Brett Kern,2018,14,TEN,JAX,0,0,0.0,0,0.0,0,0.0,0,0.0,0,0,0,0.0
Brett Kern,2018,15,NYG,TEN,0,0,0.0,0,0.0,0,0.0,0,0.0,0,0,0,0.0
Brett Kern,2018,16,TEN,WAS,0,0,0.0,0,0.0,0,0.0,0,0.0,0,0,0,0.0
Brett Kern,2018,17,TEN,IND,0,0,0.0,0,0.0,0,0.0,0,0.0,0,0,0,0.0
Marcus Mariota,2018,1,MIA,TEN,16,9,56.2,103,6.4,0,0.0,2,0.0,31,0,0,36.2
Marcus Mariota,2018,3,JAX,TEN,18,12,66.7,100,5.6,0,0.0,0,0.0,22,1,8,80.8
Marcus Mariota,2018,4,TEN,PHI,43,30,69.8,344,8.0,2,4.7,1,0.0,51,3,17,99.4
Marcus Mariota,2018,5,BUF,TEN,26,14,53.8,129,5.0,0,0.0,1,0.0,23,2,8,51.6
Marcus Mariota,2018,6,TEN,BAL,15,10,66.7,117,7.8,0,0.0,0,0.0,24,11,66,90.1
Marcus Mariota,2018,7,LAC,TEN,32,24,75.0,237,7.4,1,3.1,1,0.0,21,2,11,92.8
Marcus Mariota,2018,9,DAL,TEN,29,21,72.4,240,8.3,2,6.9,0,0.0,37,4,25,119.9
Marcus Mariota,2018,10,TEN,NE,24,16,66.7,228,9.5,2,8.3,0,0.0,29,2,14,125.0
Marcus Mariota,2018,11,IND,TEN,13,10,76.9,85,6.5,0,0.0,1,0.0,23,4,19,61.4
Marcus Mariota,2018,12,HOU,TEN,23,22,95.7,303,13.2,2,8.7,0,0.0,61t,6,43,147.7
Marcus Mariota,2018,13,TEN,NYJ,35,20,57.1,282,8.1,2,5.7,1,0.0,55,3,9,90.4
Marcus Mariota,2018,14,TEN,JAX,24,18,75.0,162,6.8,0,0.0,1,0.0,29,1,0,75.3
Marcus Mariota,2018,15,NYG,TEN,20,12,60.0,88,4.4,0,0.0,0,0.0,17,1,8,70.4
Marcus Mariota,2018,16,TEN,WAS,13,10,76.9,110,8.5,0,0.0,0,0.0,18,2,15,101.4
Jamison Crowder,2018,1,ARI,WAS,0,0,0.0,0,0.0,0,0.0,0,0.0,0,0,0,0.0
Jamison Crowder,2018,2,WAS,IND,0,0,0.0,0,0.0,0,0.0,0,0.0,0,0,0,0.0
Jamison Crowder,2018,3,WAS,GB,0,0,0.0,0,0.0,0,0.0,0,0.0,0,0,0,0.0
Jamison Crowder,2018,5,NO,WAS,0,0,0.0,0,0.0,0,0.0,0,0.0,0,0,0,0.0
Jamison Crowder,2018,13,PHI,WAS,0,0,0.0,0,0.0,0,0.0,0,0.0,0,0,0,0.0
Jamison Crowder,2018,14,WAS,NYG,0,0,0.0,0,0.0,0,0.0,0,0.0,0,0,0,0.0
Jamison Crowder,2018,15,JAX,WAS,0,0,0.0,0,0.0,0,0.0,0,0.0,0,0,0,0.0
Jamison Crowder,2018,16,TEN,WAS,0,0,0.0,0,0.0,0,0.0,0,0.0,0,0,0,0.0
Jamison Crowder,2018,17,WAS,PHI,0,0,0.0,0,0.0,0,0.0,0,0.0,0,0,0,0.0
Colt McCoy,2018,11,WAS,HOU,12,6,50.0,54,4.5,1,8.3,0,0.0,12,2,13,90.3
Colt McCoy,2018,12,DAL,WAS,38,24,63.2,268,7.1,2,5.3,3,0.0,53t,3,17,68.8
Colt McCoy,2018,13,PHI,WAS,4,4,100.0,50,12.5,0,0.0,0,0.0,32,1,6,118.8
Mark Sanchez,2018,13,PHI,WAS,21,13,61.9,100,4.8,0,0.0,1,0.0,20,2,13,53.7
Mark Sanchez,2018,14,WAS,NYG,14,6,42.9,38,2.7,0,0.0,2,0.0,10,5,29,10.7
Tress Way,2018,1,ARI,WAS,0,0,0.0,0,0.0,0,0.0,0,0.0,0,0,0,0.0
Tress Way,2018,2,WAS,IND,0,0,0.0,0,0.0,0,0.0,0,0.0,0,0,0,0.0
Tress Way,2018,3,WAS,GB,0,0,0.0,0,0.0,0,0.0,0,0.0,0,0,0,0.0
Tress Way,2018,5,NO,WAS,0,0,0.0,0,0.0,0,0.0,0,0.0,0,0,0,0.0
Tress Way,2018,6,WAS,CAR,0,0,0.0,0,0.0,0,0.0,0,0.0,0,0,0,0.0
Tress Way,2018,7,WAS,DAL,0,0,0.0,0,0.0,0,0.0,0,0.0,0,0,0,0.0
Tress Way,2018,8,NYG,WAS,0,0,0.0,0,0.0,0,0.0,0,0.0,0,0,0,0.0
Tress Way,2018,9,WAS,ATL,0,0,0.0,0,0.0,0,0.0,0,0.0,0,0,0,0.0
Tress Way,2018,10,TB,WAS,0,0,0.0,0,0.0,0,0.0,0,0.0,0,0,0,0.0
Tress Way,2018,11,WAS,HOU,0,0,0.0,0,0.0,0,0.0,0,0.0,0,0,0,0.0
Tress Way,2018,12,DAL,WAS,0,0,0.0,0,0.0,0,0.0,0,0.0,0,0,0,0.0
Tress Way,2018,13,PHI,WAS,0,0,0.0,0,0.0,0,0.0,0,0.0,0,0,0,0.0
Tress Way,2018,14,WAS,NYG,0,0,0.0,0,0.0,0,0.0,0,0.0,0,0,0,0.0
Tress Way,2018,15,JAX,WAS,0,0,0.0,0,0.0,0,0.0,0,0.0,0,0,0,0.0
Tress Way,2018,16,TEN,WAS,0,0,0.0,0,0.0,0,0.0,0,0.0,0,0,0,0.0
Tress Way,2018,17,WAS,PHI,1,1,100.0,7,7.0,0,0.0,0,0.0,7,0,0,95.8
